"年度记录编号","任次编号","批次","姓名","年份","郡县","官职","本年证据","挂接状态","已接州","已接郡","复核结论","复核意见","年度依据","挂接状态原码","挂接方法","候选实体编号","州编号","郡编号","证据确定性","年度口径","年内顺序说明","完整官衔","引文编号"
"LIANG-EPUB-0004-502","LIANG-EPUB-0004","原有","张齐","502","历阳","历阳太守","在任见载","已挂接","南豫州","歷陽郡","","","高祖受禅对应502；同句仍为太守，后句明言在郡清政。安昌县侯是封爵，不是安昌县令。","unique_active_entity","exact_normalized_name_unique_in_year","liang_s0019_p008","liang_s0019","liang_s0019_p008","confirmed","本年有授官或在任證據，履任狀態另列","排列僅供閱讀，不據資料次序斷定同年先後任。","宁朔将军、历阳太守","LIANG-EPUB-0004-E01；LIANG-EPUB-0004-E02"
"LIANG-EPUB-0031-502","LIANG-EPUB-0031","本轮新增","宗夬","502","东海","东海太守","授官见载，履任未详","未挂接，保留记录","","","","","元年为502，二年503为改官边界；只投授官锚502。原文东海不擅改为南东海。","no_active_entity","exact_normalized_name_unique_in_year","","","","confirmed","本年有授官或在任證據，履任狀態另列","排列僅供閱讀，不據資料次序斷定同年先後任。","征虏长史、东海太守","LIANG-EPUB-0031-E01；LIANG-EPUB-0031-E02"
"LIANG-EPUB-0036-502","LIANG-EPUB-0036","本轮新增","萧琛","502","宣城","宣城太守","授官并有履任叙事","未挂接，保留记录","","","","","元年502同句授官；次段在宣城取书叙事证明曾到任，但不到日不详。","ambiguous_active_entities","exact_normalized_name_unique_in_year","liang_s0001_p003；liang_s0019_p004","","","confirmed","本年有授官或在任證據，履任狀態另列","排列僅供閱讀，不據資料次序斷定同年先後任。","宣城太守","LIANG-EPUB-0036-E01；LIANG-EPUB-0036-E02；LIANG-EPUB-0036-E03"
"LIANG-EPUB-0041-502","LIANG-EPUB-0041","本轮新增","夏侯亶","502","宣城","宣城太守","授官见载，履任未详","未挂接，保留记录","","","","","元年502明确授官；“寻入”不够定终任年月。","ambiguous_active_entities","exact_normalized_name_unique_in_year","liang_s0001_p003；liang_s0019_p004","","","confirmed","本年有授官或在任證據，履任狀態另列","排列僅供閱讀，不據資料次序斷定同年先後任。","宣城太守","LIANG-EPUB-0041-E01；LIANG-EPUB-0041-E02"
"LIANG-EPUB-0045-502","LIANG-EPUB-0045","本轮新增","韦放","502","盱眙","盱眙太守","授官见载，履任未详","已挂接","南兗州","盱眙郡","","","元年502为盱眙授官锚；后文“还除”不提供独立终任年。","unique_active_entity","exact_normalized_name_unique_in_year","liang_s0015_p004","liang_s0015","liang_s0015_p004","confirmed","本年有授官或在任證據，履任狀態另列","排列僅供閱讀，不據資料次序斷定同年先後任。","盱眙太守","LIANG-EPUB-0045-E01；LIANG-EPUB-0045-E02"
"LIANG-EPUB-0001-503","LIANG-EPUB-0001","原有","任昉","503","义兴","义兴太守","授官并有履任叙事","已挂接","南徐州","義興郡","","","天监元年为502，二年即503。原文连书出任及在任事迹，仅投503；被代之年未载。","unique_active_entity","exact_normalized_name_unique_in_year","liang_s0007_p004","liang_s0007","liang_s0007_p004","confirmed","本年有授官或在任證據，履任狀態另列","排列僅供閱讀，不據資料次序斷定同年先後任。","义兴太守","LIANG-EPUB-0001-E01；LIANG-EPUB-0001-E02"
"LIANG-EPUB-0003-503","LIANG-EPUB-0003","原有","冯道根","503","南梁","南梁太守","授官并有履任叙事","未挂接，保留记录","","","","","明确天监二年任命且初到阜陵见履任。南梁是郡名，不能误配为南梁州。","no_active_entity","exact_normalized_name_unique_in_year","","","","confirmed","本年有授官或在任證據，履任狀態另列","排列僅供閱讀，不據資料次序斷定同年先後任。","宁朔将军、南梁太守，领阜陵城戍","LIANG-EPUB-0003-E01；LIANG-EPUB-0003-E02"
"LIANG-EPUB-0005-503","LIANG-EPUB-0005","原有","张齐","503","天门","天门太守","授官见载，履任未详","已挂接","荊州","天門郡","","","天监二年即503。未拜修饰前一官虎贲中郎将，随后改授天门太守；不可把未拜范围延伸到后一官。具体抵郡日未载。","unique_active_entity","exact_normalized_name_unique_in_year","liang_s0055_p003","liang_s0055","liang_s0055_p003","confirmed","本年有授官或在任證據，履任狀態另列","排列僅供閱讀，不據資料次序斷定同年先後任。","宁朔将军、天门太守","LIANG-EPUB-0005-E01"
"LIANG-EPUB-0007-503","LIANG-EPUB-0007","原有","柳忱","503","南郡","南郡太守","授官见载，履任未详","已挂接","荊州","南郡","","","天监二年=503；本段主语为柳惔之弟柳忱，非柳惔。六年改官提供终点边界，不额外外推504—506。","unique_active_entity","exact_normalized_name_unique_in_year","liang_s0055_p001","liang_s0055","liang_s0055_p001","confirmed","本年有授官或在任證據，履任狀態另列","排列僅供閱讀，不據資料次序斷定同年先後任。","安西长史、冠军将军、南郡太守","LIANG-EPUB-0007-E01；LIANG-EPUB-0007-E02"
"LIANG-EPUB-0010-504","LIANG-EPUB-0010","原有","丘迟","504","永嘉","永嘉太守","授官并有履任叙事","已挂接","揚州","永嘉郡","","","天监三年=504，明言出任并在郡。次年北伐出为参军，并不能不加辨析地视作太守已去任的具体日。","unique_active_entity","exact_normalized_name_unique_in_year","liang_s0001_p016","liang_s0001","liang_s0001_p016","confirmed","本年有授官或在任證據，履任狀態另列","排列僅供閱讀，不據資料次序斷定同年先後任。","永嘉太守","LIANG-EPUB-0010-E01；LIANG-EPUB-0010-E02"
"LIANG-EPUB-0009-505","LIANG-EPUB-0009","原有","柳恽","505","吴兴","吴兴太守","在任见载","已挂接","揚州","吳興郡","","","天监四年=505，叙沈顗服役事件，以现官称柳恽。后面的其年卒于家指沈顗，不是柳恽。","unique_active_entity","exact_normalized_name_unique_in_year","liang_s0001_p008","liang_s0001","liang_s0001_p008","confirmed","本年有授官或在任證據，履任狀態另列","排列僅供閱讀，不據資料次序斷定同年先後任。","吴兴太守","LIANG-EPUB-0009-E01"
"LIANG-EPUB-0030-505","LIANG-EPUB-0030","本轮新增","王骞","505","东阳","东阳太守","授官见载，履任未详","未挂接，保留记录","","","","","天监四年为505。只取明确授东阳之年；“寻徙吴郡”不另定为505。","ambiguous_active_entities","exact_normalized_name_unique_in_year","liang_s0001_p015；liang_s0016_p002；liang_s0139_p008","","","confirmed","本年有授官或在任證據，履任狀態另列","排列僅供閱讀，不據資料次序斷定同年先後任。","东阳太守","LIANG-EPUB-0030-E01；LIANG-EPUB-0030-E02；LIANG-EPUB-0030-E03"
"LIANG-EPUB-0002-507","LIANG-EPUB-0002","原有","任昉","507","新安","新安太守","授官并有履任叙事","已挂接","揚州","新安郡","","","上段以天监二年起叙，本段六年承天监，换算507。视事期岁是时长叙述，本轮不据此硬定卒年。","unique_active_entity","exact_normalized_name_unique_in_year","liang_s0001_p012","liang_s0001","liang_s0001_p012","confirmed","本年有授官或在任證據，履任狀態另列","排列僅供閱讀，不據資料次序斷定同年先後任。","宁朔将军、新安太守","LIANG-EPUB-0002-E01；LIANG-EPUB-0002-E02"
"LIANG-EPUB-0008-507","LIANG-EPUB-0008","原有","孙谦","507","零陵","零陵太守","授官并有履任叙事","已挂接","湘州","零陵郡","","","天监六年=507，明言任命与为政。九年征为光禄大夫是后官边界，不在中间各年自动填任。","unique_active_entity","exact_normalized_name_unique_in_year","liang_s0115_p004","liang_s0115","liang_s0115_p004","confirmed","本年有授官或在任證據，履任狀態另列","排列僅供閱讀，不據資料次序斷定同年先後任。","辅国将军、零陵太守","LIANG-EPUB-0008-E01；LIANG-EPUB-0008-E02；LIANG-EPUB-0008-E03"
"LIANG-EPUB-0028-507","LIANG-EPUB-0028","原有","王志","507","南郡","南郡太守","授官见载，履任未详","已挂接","荊州","南郡","","","本段天监元年起叙，六年=507。次句明年迁江夏太守明确给出508年转授边界，已补入对应引文；507为任命见载，抵郡与离郡日未详，不外推完整任期。","unique_active_entity","exact_normalized_name_unique_in_year","liang_s0055_p001","liang_s0055","liang_s0055_p001","confirmed","本年有授官或在任證據，履任狀態另列","排列僅供閱讀，不據資料次序斷定同年先後任。","云麾将军、安西始兴王长史、南郡太守","LIANG-EPUB-0028-E01；LIANG-EPUB-0028-E02；LIANG-EPUB-0028-E03；LIANG-EPUB-0028-E04"
"LIANG-EPUB-0042-507","LIANG-EPUB-0042","本轮新增","夏侯亶","507","南郡","南郡太守","授官见载，履任未详","已挂接","荊州","南郡","","","六年承本段天监为507；父忧解职未单独纪年，不确定终任年或抵郡日。","unique_active_entity","exact_normalized_name_unique_in_year","liang_s0055_p001","liang_s0055","liang_s0055_p001","confirmed","本年有授官或在任證據，履任狀態另列","排列僅供閱讀，不據資料次序斷定同年先後任。","平西始兴王长史、南郡太守","LIANG-EPUB-0042-E01；LIANG-EPUB-0042-E02；LIANG-EPUB-0042-E03"
"LIANG-EPUB-0006-508","LIANG-EPUB-0006","原有","张齐","508","巴西","巴西太守","授官并有履任叙事","未挂接，保留记录","","","","","同段以天监二年开头，七年即508，其年明确回指七年。只投508，不把后加将军号视为太守终任。","no_active_entity","exact_normalized_name_unique_in_year","","","","confirmed","本年有授官或在任證據，履任狀態另列","排列僅供閱讀，不據資料次序斷定同年先後任。","武旅将军、巴西太守","LIANG-EPUB-0006-E01；LIANG-EPUB-0006-E02；LIANG-EPUB-0006-E03"
"LIANG-EPUB-0029-508","LIANG-EPUB-0029","原有","王志","508","江夏","江夏太守","授官见载，履任未详","已挂接","郢州","江夏郡","","","明年直接承接天监六年，故为天监七年508；该明年是明确相对纪年，不是寻、顷之等模糊时词。","unique_active_entity","exact_normalized_name_unique_in_year","liang_s0058_p001","liang_s0058","liang_s0058_p001","confirmed","本年有授官或在任證據，履任狀態另列","排列僅供閱讀，不據資料次序斷定同年先後任。","军师将军、平西鄱阳郡王长史、江夏太守","LIANG-EPUB-0029-E01；LIANG-EPUB-0029-E02"
"LIANG-EPUB-0027-509","LIANG-EPUB-0027","原有","沈瑀","509","寻阳","寻阳太守","在任见载","已挂接","江州","尋陽郡","","","太守如故后紧接天监八年509与萧颖达争执并被杀，构成该年在任与死亡锚。出任寻阳的初始年未在本段明确。","unique_active_entity","exact_normalized_name_unique_in_year","liang_s0008_p001","liang_s0008","liang_s0008_p001","confirmed","本年有授官或在任證據，履任狀態另列","排列僅供閱讀，不據資料次序斷定同年先後任。","寻阳太守","LIANG-EPUB-0027-E01；LIANG-EPUB-0027-E02；LIANG-EPUB-0027-E03；LIANG-EPUB-0027-E04"
"LIANG-EPUB-0039-509","LIANG-EPUB-0039","本轮新增","陆杲","509","义兴","义兴太守","授官并有履任叙事","已挂接","南徐州","義興郡","","","本传先列天监元年、五年，续列六年八年，八年即509；有在郡政绩，抵郡日期不详。","unique_active_entity","exact_normalized_name_unique_in_year","liang_s0007_p004","liang_s0007","liang_s0007_p004","confirmed","本年有授官或在任證據，履任狀態另列","排列僅供閱讀，不據資料次序斷定同年先後任。","义兴太守","LIANG-EPUB-0039-E01；LIANG-EPUB-0039-E02；LIANG-EPUB-0039-E03"
"LIANG-EPUB-0043-509","LIANG-EPUB-0043","本轮新增","夏侯亶","509","安陆","安陆太守","授官见载，履任未详","已挂接","司州","安陸郡","","","八年承天监为509；兼领安陆。居州叙事不能单独证明到安陆郡履太守职，保留授官见载。","unique_active_entity","exact_normalized_name_unique_in_year","liang_s0073_p007","liang_s0073","liang_s0073_p007","confirmed","本年有授官或在任證據，履任狀態另列","排列僅供閱讀，不據資料次序斷定同年先後任。","持节、督司州诸军事、信武将军、司州刺史，领安陆太守","LIANG-EPUB-0043-E01；LIANG-EPUB-0043-E02；LIANG-EPUB-0043-E03"
"LIANG-EPUB-0032-510","LIANG-EPUB-0032","本轮新增","朱僧勇","510","宣城","宣城太守","在任见载","未挂接，保留记录","","","","","九年为510；遇害事件直接以宣城太守称之，证明本年在任及终任，不推定起任年。","ambiguous_active_entities","exact_normalized_name_unique_in_year","liang_s0001_p003；liang_s0019_p004","","","confirmed","本年有授官或在任證據，履任狀態另列","排列僅供閱讀，不據資料次序斷定同年先後任。","宣城太守","LIANG-EPUB-0032-E01"
"LIANG-EPUB-0033-510","LIANG-EPUB-0033","本轮新增","蔡撙","510","吴兴","吴兴太守","在任见载","已挂接","揚州","吳興郡","","","510年守吴兴事件，与上段吴兴太守官衔合读；本条仅投在任事件锚。","unique_active_entity","exact_normalized_name_unique_in_year","liang_s0001_p008","liang_s0001","liang_s0001_p008","confirmed","本年有授官或在任證據，履任狀態另列","排列僅供閱讀，不據資料次序斷定同年先後任。","吴兴太守","LIANG-EPUB-0033-E01；LIANG-EPUB-0033-E02；LIANG-EPUB-0033-E03"
"LIANG-EPUB-0037-510","LIANG-EPUB-0037","本轮新增","萧琛","510","江夏","江夏太守","授官见载，履任未详","已挂接","郢州","江夏郡","","","同段起于天监元年，九年承天监为510；只证本年授江夏。","unique_active_entity","exact_normalized_name_unique_in_year","liang_s0058_p001","liang_s0058","liang_s0058_p001","confirmed","本年有授官或在任證據，履任狀態另列","排列僅供閱讀，不據資料次序斷定同年先後任。","宁远将军、平西长史、江夏太守","LIANG-EPUB-0037-E01；LIANG-EPUB-0037-E02；LIANG-EPUB-0037-E03"
"LIANG-EPUB-0044-516","LIANG-EPUB-0044","本轮新增","夏侯亶","516","江夏","江夏太守","授官见载，履任未详","已挂接","郢州","江夏郡","","","上段连续天监纪年，十五年516授江夏、十七年518改官；不补517。","unique_active_entity","exact_normalized_name_unique_in_year","liang_s0058_p001","liang_s0058","liang_s0058_p001","confirmed","本年有授官或在任證據，履任狀態另列","排列僅供閱讀，不據資料次序斷定同年先後任。","信武将军、安西长史、江夏太守","LIANG-EPUB-0044-E01；LIANG-EPUB-0044-E02；LIANG-EPUB-0044-E03"
"LIANG-EPUB-0034-521","LIANG-EPUB-0034","本轮新增","蔡撙","521","吴郡","吴郡太守","授官见载，履任未详","已挂接","揚州","吳郡","","","普通元年为520，二年521。后文四年卒未明书卒郡，不以卒年扩大本任期。","unique_active_entity","exact_normalized_name_unique_in_year","liang_s0001_p004","liang_s0001","liang_s0001_p004","confirmed","本年有授官或在任證據，履任狀態另列","排列僅供閱讀，不據資料次序斷定同年先後任。","宣毅将军、吴郡太守","LIANG-EPUB-0034-E01；LIANG-EPUB-0034-E02"
"LIANG-EPUB-0040-521","LIANG-EPUB-0040","本轮新增","陆杲","521","临川","临川内史","授官见载，履任未详","已挂接","江州","臨川郡","","","普通二年521授官，五年524改官；不投522、523。","unique_active_entity","exact_normalized_name_unique_in_year","liang_s0008_p008","liang_s0008","liang_s0008_p008","confirmed","本年有授官或在任證據，履任狀態另列","排列僅供閱讀，不據資料次序斷定同年先後任。","仁威将军、临川内史","LIANG-EPUB-0040-E01；LIANG-EPUB-0040-E02"
"LIANG-EPUB-0012-523","LIANG-EPUB-0012","原有","何敬容","523","吴郡","吴郡太守","授官并有履任叙事","已挂接","揚州","吳郡","","","本段先记普通二年，继书四年，故为普通四年523。视事四年与后文大通二年征官之间须再考，本轮只投任命锚523。","unique_active_entity","exact_normalized_name_unique_in_year","liang_s0001_p004","liang_s0001","liang_s0001_p004","confirmed","本年有授官或在任證據，履任狀態另列","排列僅供閱讀，不據資料次序斷定同年先後任。","招远将军、吴郡太守","LIANG-EPUB-0012-E01；LIANG-EPUB-0012-E02；LIANG-EPUB-0012-E03"
"LIANG-EPUB-0049-523","LIANG-EPUB-0049","本轮新增","褚球","523","南兰陵","南兰陵太守","授官见载，履任未详","未挂接，保留记录","","","","","普通四年523授官，未另载到任或终任日期；不与本传后来未具年的再次南兰陵任职合并。","no_active_entity","exact_normalized_name_unique_in_year","","","","confirmed","本年有授官或在任證據，履任狀態另列","排列僅供閱讀，不據資料次序斷定同年先後任。","北中郎长史、南兰陵太守","LIANG-EPUB-0049-E01；LIANG-EPUB-0049-E02"
"LIANG-EPUB-0035-524","LIANG-EPUB-0035","本轮新增","白涡","524","武陵","武陵太守","在任见载","已挂接","郢州","武陵郡","","","普通五年524，文书事件直接称武陵太守；不能把本段周舍免官或卒年归给白涡。","unique_active_entity","exact_normalized_name_unique_in_year","liang_s0058_p010","liang_s0058","liang_s0058_p010","confirmed","本年有授官或在任證據，履任狀態另列","排列僅供閱讀，不據資料次序斷定同年先後任。","武陵太守","LIANG-EPUB-0035-E01"
"LIANG-EPUB-0059-525","LIANG-EPUB-0059","本轮新增","明绍世","525","历阳","历阳太守","在任见载","已挂接","南豫州","歷陽郡","","","前段明确普通三年、五年，六年承普通为525。北伐时以现官称名，是在任锚，不据此确定初授年。","unique_active_entity","exact_normalized_name_unique_in_year","liang_s0019_p008","liang_s0019","liang_s0019_p008","confirmed","本年有授官或在任證據，履任狀態另列","排列僅供閱讀，不據資料次序斷定同年先後任。","历阳太守","LIANG-EPUB-0059-E01；LIANG-EPUB-0059-E02"
"LIANG-EPUB-0060-525","LIANG-EPUB-0060","本轮新增","鱼弘","525","南谯","南谯太守","在任见载","未挂接，保留记录","","","","","前段明确普通三年、五年，六年承普通为525。北伐时以现官称名，是在任锚，不据此确定初授年。","no_active_entity","exact_normalized_name_unique_in_year","","","","confirmed","本年有授官或在任證據，履任狀態另列","排列僅供閱讀，不據資料次序斷定同年先後任。","南谯太守","LIANG-EPUB-0060-E01；LIANG-EPUB-0060-E02"
"LIANG-EPUB-0061-525","LIANG-EPUB-0061","本轮新增","张澄","525","晋熙","晋熙太守","在任见载","未挂接，保留记录","","","","","前段明确普通三年、五年，六年承普通为525。北伐时以现官称名，是在任锚，不据此确定初授年。","ambiguous_active_entities","exact_normalized_name_unique_in_year","liang_s0019_p001；liang_s0022_p001","","","confirmed","本年有授官或在任證據，履任狀態另列","排列僅供閱讀，不據資料次序斷定同年先後任。","晋熙太守","LIANG-EPUB-0061-E01；LIANG-EPUB-0061-E02"
"LIANG-EPUB-0047-528","LIANG-EPUB-0047","本轮新增","萧子恪","528","吴郡","吴郡太守","授官并有履任叙事","已挂接","揚州","吳郡","","","大通二年528授官；三年529卒于郡舍，是另一明确在任锚。同年另有中大通改元，不把“三年”读作中大通三年531。","unique_active_entity","exact_normalized_name_unique_in_year","liang_s0001_p004","liang_s0001","liang_s0001_p004","confirmed","本年有授官或在任證據，履任狀態另列","排列僅供閱讀，不據資料次序斷定同年先後任。","宁远将军、吴郡太守","LIANG-EPUB-0047-E01；LIANG-EPUB-0047-E02"
"LIANG-EPUB-0038-529","LIANG-EPUB-0038","本轮新增","萧琛","529","晋陵","晋陵太守","授官见载，履任未详","已挂接","南徐州","晉陵郡","","","中大通元年529授官；以疾自解没有独立抵郡语，不作已证履任。随后卒年也不硬定为529。","unique_active_entity","exact_normalized_name_unique_in_year","liang_s0007_p001","liang_s0007","liang_s0007_p001","confirmed","本年有授官或在任證據，履任狀態另列","排列僅供閱讀，不據資料次序斷定同年先後任。","云麾将军、晋陵太守","LIANG-EPUB-0038-E01；LIANG-EPUB-0038-E02"
"LIANG-EPUB-0047-529","LIANG-EPUB-0047","本轮新增","萧子恪","529","吴郡","吴郡太守","在任见载","已挂接","揚州","吳郡","","","大通二年528授官；三年529卒于郡舍，是另一明确在任锚。同年另有中大通改元，不把“三年”读作中大通三年531。","unique_active_entity","exact_normalized_name_unique_in_year","liang_s0001_p004","liang_s0001","liang_s0001_p004","confirmed","本年有授官或在任證據，履任狀態另列","排列僅供閱讀，不據資料次序斷定同年先後任。","宁远将军、吴郡太守","LIANG-EPUB-0047-E01；LIANG-EPUB-0047-E02"
"LIANG-EPUB-0055-529","LIANG-EPUB-0055","本轮新增","胡僧祐","529","南天水","南天水太守","授官并有履任叙事","未挂接，保留记录","","","","","中大通元年529，二郡并授，分别保存郡官记录并共用原句；有善政语，不由此倒推抵郡日。","no_active_entity","exact_normalized_name_unique_in_year","","","","confirmed","本年有授官或在任證據，履任狀態另列","排列僅供閱讀，不據資料次序斷定同年先後任。","南天水、天门二郡太守","LIANG-EPUB-0055-E01；LIANG-EPUB-0055-E02"
"LIANG-EPUB-0056-529","LIANG-EPUB-0056","本轮新增","胡僧祐","529","天门","天门太守","授官并有履任叙事","已挂接","荊州","天門郡","","","中大通元年529，二郡并授，分别保存郡官记录并共用原句；有善政语，不由此倒推抵郡日。","unique_active_entity","exact_normalized_name_unique_in_year","liang_s0055_p003","liang_s0055","liang_s0055_p003","confirmed","本年有授官或在任證據，履任狀態另列","排列僅供閱讀，不據資料次序斷定同年先後任。","南天水、天门二郡太守","LIANG-EPUB-0056-E01；LIANG-EPUB-0056-E02"
"LIANG-EPUB-0046-531","LIANG-EPUB-0046","本轮新增","徐摛","531","新安","新安太守","授官并有履任叙事","已挂接","東揚州","新安郡","","","中大通三年531授官并有至郡语；不以“期月”推定后续完整年度任期。","unique_active_entity","exact_normalized_name_unique_in_year","liang_s0003_p004","liang_s0003","liang_s0003_p004","confirmed","本年有授官或在任證據，履任狀態另列","排列僅供閱讀，不據資料次序斷定同年先後任。","新安太守","LIANG-EPUB-0046-E01；LIANG-EPUB-0046-E02"
"LIANG-EPUB-0050-532","LIANG-EPUB-0050","本轮新增","刘孺","532","江夏","江夏太守","授官见载，履任未详","已挂接","郢州","江夏郡","","","中大通四年532明确授官；次年司徒左长史“未拜”修饰后一官，不否定江夏任命。","unique_active_entity","exact_normalized_name_unique_in_year","liang_s0058_p001","liang_s0058","liang_s0058_p001","confirmed","本年有授官或在任證據，履任狀態另列","排列僅供閱讀，不據資料次序斷定同年先後任。","仁威临川王长史、江夏太守，加贞威将军","LIANG-EPUB-0050-E01；LIANG-EPUB-0050-E02"
"LIANG-EPUB-0057-532","LIANG-EPUB-0057","本轮新增","萧正德","532","吴郡","吴郡太守","授官见载，履任未详","已挂接","揚州","吳郡","","","中大通四年532明确授官；后文封临贺王不强定与授太守同年。","unique_active_entity","exact_normalized_name_unique_in_year","liang_s0001_p004","liang_s0001","liang_s0001_p004","confirmed","本年有授官或在任證據，履任狀態另列","排列僅供閱讀，不據資料次序斷定同年先後任。","信武将军、吴郡太守","LIANG-EPUB-0057-E01；LIANG-EPUB-0057-E02"
"LIANG-EPUB-0026-534","LIANG-EPUB-0026","原有","谢征","534","南兰陵","南兰陵太守","授官并有履任叙事","未挂接，保留记录","","","","","本段中大通元年起叙，六年为534；大同二年为536。分别有任命锚和卒官锚，本轮不据此自动填535。","no_active_entity","exact_normalized_name_unique_in_year","","","","confirmed","本年有授官或在任證據，履任狀態另列","排列僅供閱讀，不據資料次序斷定同年先後任。","北中郎豫章王长史、南兰陵太守","LIANG-EPUB-0026-E01；LIANG-EPUB-0026-E02；LIANG-EPUB-0026-E03"
"LIANG-EPUB-0017-535","LIANG-EPUB-0017","原有","王筠","535","广晋","广晋令","在任见载","已挂接","江州","鄱陽郡","","","大同元年=535。鲜于琛叛乱杀县令，直接证明王筠本年在任且遇害。该县令不得与仍活跃于梁末的文学家王筠按姓名自动合并。","unique_active_entity","exact_normalized_name_unique_in_year","lc_0127","liang_s0008","liang_s0008_p007","confirmed","本年有授官或在任證據，履任狀態另列","排列僅供閱讀，不據資料次序斷定同年先後任。","广晋令","LIANG-EPUB-0017-E01"
"LIANG-EPUB-0018-535","LIANG-EPUB-0018","原有","刘潜","535","阳羡","阳羡令","在任见载","已挂接","南徐州","義興郡","","","刘遵大同元年535卒，太子同次吊慰信的收件人称阳羡令孝仪；同卷刘潜传明言字孝仪并记出为阳羡令，故此官人归刘潜。卒官指刘遵，不是刘潜。","unique_active_entity","exact_normalized_name_unique_in_year","lc_0084","liang_s0007","liang_s0007_p004","confirmed","本年有授官或在任證據，履任狀態另列","排列僅供閱讀，不據資料次序斷定同年先後任。","阳羡令","LIANG-EPUB-0018-E01；LIANG-EPUB-0018-E02；LIANG-EPUB-0018-E03"
"LIANG-EPUB-0026-536","LIANG-EPUB-0026","原有","谢征","536","南兰陵","南兰陵太守","授官并有履任叙事","未挂接，保留记录","","","","","本段中大通元年起叙，六年为534；大同二年为536。分别有任命锚和卒官锚，本轮不据此自动填535。","no_active_entity","exact_normalized_name_unique_in_year","","","","confirmed","本年有授官或在任證據，履任狀態另列","排列僅供閱讀，不據資料次序斷定同年先後任。","北中郎豫章王长史、南兰陵太守","LIANG-EPUB-0026-E01；LIANG-EPUB-0026-E02；LIANG-EPUB-0026-E03"
"LIANG-EPUB-0011-537","LIANG-EPUB-0011","原有","萧子显","537","吴兴","吴兴太守","授官并有履任叙事","已挂接","揚州","吳興郡","","","大同元年=535，三年=537，出任年明确。至郡未几证明实际到郡后不久去世，但未几本身不是独立纪年；本轮仅投537任命见载，撤除据邻近叙事硬定的537卒年，待有直接纪年补证。","unique_active_entity","exact_normalized_name_unique_in_year","liang_s0001_p008","liang_s0001","liang_s0001_p008","confirmed","本年有授官或在任證據，履任狀態另列","排列僅供閱讀，不據資料次序斷定同年先後任。","仁威将军、吴兴太守","LIANG-EPUB-0011-E01；LIANG-EPUB-0011-E02"
"LIANG-EPUB-0051-539","LIANG-EPUB-0051","本轮新增","刘孺","539","晋陵","晋陵太守","授官并有履任叙事","已挂接","南徐州","晉陵郡","","","大同五年539授官并有在郡事迹；七年541改官边界，不补540。","unique_active_entity","exact_normalized_name_unique_in_year","liang_s0007_p001","liang_s0007","liang_s0007_p001","confirmed","本年有授官或在任證據，履任狀態另列","排列僅供閱讀，不據資料次序斷定同年先後任。","明威将军、晋陵太守","LIANG-EPUB-0051-E01；LIANG-EPUB-0051-E02"
"LIANG-EPUB-0052-544","LIANG-EPUB-0052","本轮新增","刘潜","544","临海","临海太守","授官并有履任叙事","已挂接","東揚州","臨海郡","","","前段大同三年续至十年，换算544；有下车治理。中大同元年546改官，仅作边界，不补545。","unique_active_entity","exact_normalized_name_unique_in_year","liang_s0003_p002","liang_s0003","liang_s0003_p002","confirmed","本年有授官或在任證據，履任狀態另列","排列僅供閱讀，不據資料次序斷定同年先後任。","伏波将军、临海太守","LIANG-EPUB-0052-E01；LIANG-EPUB-0052-E02；LIANG-EPUB-0052-E03"
"LIANG-EPUB-0019-547","LIANG-EPUB-0019","原有","岑之敬","547","南沙","南沙令","授官并有履任叙事","已挂接","南徐州","晉陵郡","","","太清元年=547，明确请试吏并授南沙令；下段侯景乱中率所部赴援，支持曾实际带部任事，但不推548—549连续在任。","unique_active_entity","exact_normalized_name_unique_in_year","lc_0079","liang_s0007","liang_s0007_p001","confirmed","本年有授官或在任證據，履任狀態另列","排列僅供閱讀，不據資料次序斷定同年先後任。","南沙令","LIANG-EPUB-0019-E01；LIANG-EPUB-0019-E02；LIANG-EPUB-0019-E03"
"LIANG-EPUB-0053-547","LIANG-EPUB-0053","本轮新增","刘潜","547","豫章","豫章内史","授官并有履任叙事","已挂接","江州","豫章郡","","","547授官、548遣郡兵、549失郡均有逐年语句，三锚不是在起止之间插值；庄铁为前历阳太守，不投其549历阳在任。","unique_active_entity","exact_normalized_name_unique_in_year","liang_s0008_p002","liang_s0008","liang_s0008_p002","confirmed","本年有授官或在任證據，履任狀態另列","排列僅供閱讀，不據資料次序斷定同年先後任。","明威将军、豫章内史","LIANG-EPUB-0053-E01；LIANG-EPUB-0053-E02"
"LIANG-EPUB-0058-547","LIANG-EPUB-0058","本轮新增","周炅","547","弋阳","弋阳太守","授官见载，履任未详","未挂接，保留记录","","","","","太清元年547授弋阳；后文侯景之乱改西阳没有确年，不一并投547。","ambiguous_active_entities","exact_normalized_name_unique_in_year","liang_s0019_p012；liang_s0032_p003","","","confirmed","本年有授官或在任證據，履任狀態另列","排列僅供閱讀，不據資料次序斷定同年先後任。","弋阳太守","LIANG-EPUB-0058-E01；LIANG-EPUB-0058-E02"
"LIANG-EPUB-0053-548","LIANG-EPUB-0053","本轮新增","刘潜","548","豫章","豫章内史","在任见载","已挂接","江州","豫章郡","","","547授官、548遣郡兵、549失郡均有逐年语句，三锚不是在起止之间插值；庄铁为前历阳太守，不投其549历阳在任。","unique_active_entity","exact_normalized_name_unique_in_year","liang_s0008_p002","liang_s0008","liang_s0008_p002","confirmed","本年有授官或在任證據，履任狀態另列","排列僅供閱讀，不據資料次序斷定同年先後任。","明威将军、豫章内史","LIANG-EPUB-0053-E01；LIANG-EPUB-0053-E02"
"LIANG-EPUB-0054-548","LIANG-EPUB-0054","本轮新增","张嵊","548","吴兴","吴兴太守","在任见载","已挂接","揚州","吳興郡","","","中大同元年546明确系于太府卿，随后“俄迁吴兴”不硬定同年；548率郡兵赴援、549守郡被俘分别有纪年，只投二锚，不补546、547。549被害由本段连续三年叙事定位。","unique_active_entity","exact_normalized_name_unique_in_year","liang_s0001_p008","liang_s0001","liang_s0001_p008","confirmed","本年有授官或在任證據，履任狀態另列","排列僅供閱讀，不據資料次序斷定同年先後任。","吴兴太守","LIANG-EPUB-0054-E01；LIANG-EPUB-0054-E02；LIANG-EPUB-0054-E03；LIANG-EPUB-0054-E04"
"LIANG-EPUB-0053-549","LIANG-EPUB-0053","本轮新增","刘潜","549","豫章","豫章内史","在任见载","已挂接","江州","豫章郡","","","547授官、548遣郡兵、549失郡均有逐年语句，三锚不是在起止之间插值；庄铁为前历阳太守，不投其549历阳在任。","unique_active_entity","exact_normalized_name_unique_in_year","liang_s0008_p002","liang_s0008","liang_s0008_p002","confirmed","本年有授官或在任證據，履任狀態另列","排列僅供閱讀，不據資料次序斷定同年先後任。","明威将军、豫章内史","LIANG-EPUB-0053-E01；LIANG-EPUB-0053-E02"
"LIANG-EPUB-0054-549","LIANG-EPUB-0054","本轮新增","张嵊","549","吴兴","吴兴太守","在任见载","已挂接","揚州","吳興郡","","","中大同元年546明确系于太府卿，随后“俄迁吴兴”不硬定同年；548率郡兵赴援、549守郡被俘分别有纪年，只投二锚，不补546、547。549被害由本段连续三年叙事定位。","unique_active_entity","exact_normalized_name_unique_in_year","liang_s0001_p008","liang_s0001","liang_s0001_p008","confirmed","本年有授官或在任證據，履任狀態另列","排列僅供閱讀，不據資料次序斷定同年先後任。","吴兴太守","LIANG-EPUB-0054-E01；LIANG-EPUB-0054-E02；LIANG-EPUB-0054-E03；LIANG-EPUB-0054-E04"
"LIANG-EPUB-0013-550","LIANG-EPUB-0013","原有","周弘直","550","衡阳","衡阳内史","在任见载","已挂接","湘州","衡陽郡","","","段首明标大宝元年并注明世祖犹称太清四年，二者均指550。本年以现任内史上表，不给定起止年。","unique_active_entity","exact_normalized_name_unique_in_year","liang_s0115_p003","liang_s0115","liang_s0115_p003","confirmed","本年有授官或在任證據，履任狀態另列","排列僅供閱讀，不據資料次序斷定同年先後任。","衡阳内史","LIANG-EPUB-0013-E01；LIANG-EPUB-0013-E02"
"LIANG-EPUB-0048-551","LIANG-EPUB-0048","本轮新增","王褒","551","南平","南平内史","授官见载，履任未详","已挂接","荊州","南平郡","","","大宝二年551。既至指到江陵，不能当作已到南平履任；保留任命见载。","unique_active_entity","exact_normalized_name_unique_in_year","liang_s0055_p002","liang_s0055","liang_s0055_p002","confirmed","本年有授官或在任證據，履任狀態另列","排列僅供閱讀，不據資料次序斷定同年先後任。","忠武将军、南平内史","LIANG-EPUB-0048-E01；LIANG-EPUB-0048-E02；LIANG-EPUB-0048-E03"
"LIANG-EPUB-0014-555","LIANG-EPUB-0014","原有","裴之横","555","吴兴","吴兴太守","在任见载","未挂接，保留记录","","","","","本段四年二月承上文承圣，故三月为承圣四年555。以现任太守出战并死亡；不推定其起任年。","no_active_entity","exact_normalized_name_unique_in_year","","","","confirmed","本年有授官或在任證據，履任狀態另列","排列僅供閱讀，不據資料次序斷定同年先後任。","吴兴太守","LIANG-EPUB-0014-E01；LIANG-EPUB-0014-E02；LIANG-EPUB-0014-E03"
"LIANG-EPUB-0015-555","LIANG-EPUB-0015","原有","韦载","555","义兴","义兴太守","在任见载","已挂接","南徐州","義興郡","","","段首绍泰元年冬十月=555。本年据义兴郡见载太守。后文韦载降仅是政治归附，不能自动记作离任。","unique_active_entity","exact_normalized_name_unique_in_year","liang_s0007_p004","liang_s0007","liang_s0007_p004","confirmed","本年有授官或在任證據，履任狀態另列","排列僅供閱讀，不據資料次序斷定同年先後任。","义兴太守","LIANG-EPUB-0015-E01；LIANG-EPUB-0015-E02"
"LIANG-EPUB-0016-555","LIANG-EPUB-0016","原有","周文育","555","晋陵","晋陵太守","在任见载","已挂接","南徐州","晉陵郡","","","见《敬帝纪》绍泰元年十月记事，555。军事行动中以现任晋陵太守称之，不推任期。","unique_active_entity","exact_normalized_name_unique_in_year","liang_s0007_p001","liang_s0007","liang_s0007_p001","confirmed","本年有授官或在任證據，履任狀態另列","排列僅供閱讀，不據資料次序斷定同年先後任。","晋陵太守","LIANG-EPUB-0016-E01；LIANG-EPUB-0016-E02"
"LIANG-EPUB-0020-555","LIANG-EPUB-0020","原有","陈拟","555","义兴","义兴太守","授官见载，履任未详","已挂接","南徐州","義興郡","","","绍泰元年=555、二年=556。授太守而次年入知卫尉，列555任命见载。同年韦载亦见于该郡，两条并存代表年内先后候选，不是年末两守。","unique_active_entity","exact_normalized_name_unique_in_year","liang_s0007_p004","liang_s0007","liang_s0007_p004","confirmed","本年有授官或在任證據，履任狀態另列","排列僅供閱讀，不據資料次序斷定同年先後任。","贞威将军、义兴太守","LIANG-EPUB-0020-E01；LIANG-EPUB-0020-E02"
"LIANG-EPUB-0021-555","LIANG-EPUB-0021","原有","程灵洗","555","兰陵","兰陵太守","授官并有履任叙事","已挂接","南徐州","蘭陵郡","","","绍泰元年=555，授兰陵太守并助防京口。原文仅称兰陵，具体南北冠字须经独立地理配准，不擅改为南兰陵。","unique_active_entity","exact_normalized_name_unique_in_year","liang_s0007_q_lanling","liang_s0007","liang_s0007_q_lanling","confirmed","本年有授官或在任證據，履任狀態另列","排列僅供閱讀，不據資料次序斷定同年先後任。","使持节、信武将军、兰陵太守","LIANG-EPUB-0021-E01"
"LIANG-EPUB-0024-555","LIANG-EPUB-0024","原有","陈宝应","555","晋安","晋安太守","授官并有履任叙事","已挂接","江州","晉安郡","","","绍泰元年=555，父陈羽请传郡并经允许，宝应受太守。随后陈朝受禅的会稽太守记载不混入梁任次。","unique_active_entity","exact_normalized_name_unique_in_year","liang_s0008_p005","liang_s0008","liang_s0008_p005","confirmed","本年有授官或在任證據，履任狀態另列","排列僅供閱讀，不據資料次序斷定同年先後任。","壮武将军、晋安太守","LIANG-EPUB-0024-E01；LIANG-EPUB-0024-E02"
"LIANG-EPUB-0022-556","LIANG-EPUB-0022","原有","周迪","556","临川","临川内史","授官并有履任叙事","已挂接","江州","臨川郡","","","绍泰二年=556。临川内史有明确初授年，寻授衡州刺史及领内史的日期不再另猜；本轮仅作同一内史任次的本年证据。","unique_active_entity","exact_normalized_name_unique_in_year","liang_s0008_p008","liang_s0008","liang_s0008_p008","confirmed","本年有授官或在任證據，履任狀態另列","排列僅供閱讀，不據資料次序斷定同年先後任。","临川内史","LIANG-EPUB-0022-E01；LIANG-EPUB-0022-E02"
"LIANG-EPUB-0023-556","LIANG-EPUB-0023","原有","留异","556","东阳","东阳太守","在任见载","已挂接","縉州","東陽郡","","","绍泰二年=556；此时带东阳太守，并叙其实际拥郡。更早侯景署官、王僧辩重授需分辨任次，556不是其初到东阳年。","unique_active_entity","exact_normalized_name_unique_in_year","liang_s0005_p_dongyang","liang_s0005","liang_s0005_p_dongyang","confirmed","本年有授官或在任證據，履任狀態另列","排列僅供閱讀，不據資料次序斷定同年先後任。","持节、通直散骑常侍、信武将军、缙州刺史，领东阳太守","LIANG-EPUB-0023-E01；LIANG-EPUB-0023-E02；LIANG-EPUB-0023-E03"
"LIANG-EPUB-0025-556","LIANG-EPUB-0025","原有","袁枢","556","吴兴","吴兴太守","授官见载，履任未详","已挂接","揚州","吳興郡","","","绍泰二年=556，其年回指二年。此处未拜只修饰前年给事黄门侍郎，不修饰后出的吴兴太守。","unique_active_entity","exact_normalized_name_unique_in_year","liang_s0001_p008","liang_s0001","liang_s0001_p008","confirmed","本年有授官或在任證據，履任狀態另列","排列僅供閱讀，不據資料次序斷定同年先後任。","吴兴太守","LIANG-EPUB-0025-E01；LIANG-EPUB-0025-E02"