"引文编号","记录类型","对应记录编号","批次","姓名","官职","证据用途","书名","卷","篇目","原文","段落编号","EPUB内文件","篇目锚点","篇内段号","文件内段号","起始字位","终止字位","EPUB SHA-256","EPUB原文件名","复核结论","复核意见"
"LIANG-EPUB-0001-E01","任次","LIANG-EPUB-0001","原有","任昉","义兴太守","官职与纪年","梁书","14","列传第八","天监二年，出为义兴太守。在任清洁，儿妾食麦而已。","LS-C16-P0025","OEBPS/text00001.html","filepos0000335380","25","248","39","63","ae59d3364722c0b66a76ed4f5b5e688a33770ca0cf856d848b640cd48de67bee","【二十四史】08：梁书 (姚思廉) (z-library.sk, 1lib.sk, z-lib.sk).epub","",""
"LIANG-EPUB-0001-E02","任次","LIANG-EPUB-0001","原有","任昉","义兴太守","人物身份","梁书","14","列传第八","任昉，字彦升，乐安博昌人","LS-C16-P0019","OEBPS/text00001.html","filepos0000335380","19","242","0","12","ae59d3364722c0b66a76ed4f5b5e688a33770ca0cf856d848b640cd48de67bee","【二十四史】08：梁书 (姚思廉) (z-library.sk, 1lib.sk, z-lib.sk).epub","",""
"LIANG-EPUB-0002-E01","任次","LIANG-EPUB-0002","原有","任昉","新安太守","官职与纪年","梁书","14","列传第八","六年春，出为宁朔将军、新安太守。在郡不事边幅，率然曳杖，徒行邑郭，民通辞讼者，就路决焉。","LS-C16-P0026","OEBPS/text00001.html","filepos0000335380","26","249","0","44","ae59d3364722c0b66a76ed4f5b5e688a33770ca0cf856d848b640cd48de67bee","【二十四史】08：梁书 (姚思廉) (z-library.sk, 1lib.sk, z-lib.sk).epub","",""
"LIANG-EPUB-0002-E02","任次","LIANG-EPUB-0002","原有","任昉","新安太守","年号上下文","梁书","14","列传第八","天监二年，出为义兴太守。","LS-C16-P0025","OEBPS/text00001.html","filepos0000335380","25","248","39","51","ae59d3364722c0b66a76ed4f5b5e688a33770ca0cf856d848b640cd48de67bee","【二十四史】08：梁书 (姚思廉) (z-library.sk, 1lib.sk, z-lib.sk).epub","",""
"LIANG-EPUB-0003-E01","任次","LIANG-EPUB-0003","原有","冯道根","南梁太守","官职与纪年","梁书","18","列传第十二","天监二年，为宁朔将军、南梁太守，领阜陵城戍。初到阜陵，修城隍，远斥候，","LS-C20-P0013","OEBPS/text00001.html","filepos0000387280","13","359","0","35","ae59d3364722c0b66a76ed4f5b5e688a33770ca0cf856d848b640cd48de67bee","【二十四史】08：梁书 (姚思廉) (z-library.sk, 1lib.sk, z-lib.sk).epub","",""
"LIANG-EPUB-0003-E02","任次","LIANG-EPUB-0003","原有","冯道根","南梁太守","人物身份","梁书","18","列传第十二","冯道根，字巨基，广平酂人也。","LS-C20-P0010","OEBPS/text00001.html","filepos0000387280","10","356","0","14","ae59d3364722c0b66a76ed4f5b5e688a33770ca0cf856d848b640cd48de67bee","【二十四史】08：梁书 (姚思廉) (z-library.sk, 1lib.sk, z-lib.sk).epub","",""
"LIANG-EPUB-0004-E01","任次","LIANG-EPUB-0004","原有","张齐","历阳太守","官职与纪年","梁书","17","列传第十一","明年，高祖受禅，封齐安昌县侯，邑五百户，仍为宁朔将军、历阳太守。齐手不知书，目不识字，而在郡有清政，吏事甚修。","LS-C19-P0020","OEBPS/text00001.html","filepos0000376781","20","339","89","144","ae59d3364722c0b66a76ed4f5b5e688a33770ca0cf856d848b640cd48de67bee","【二十四史】08：梁书 (姚思廉) (z-library.sk, 1lib.sk, z-lib.sk).epub","",""
"LIANG-EPUB-0004-E02","任次","LIANG-EPUB-0004","原有","张齐","历阳太守","人物身份","梁书","17","列传第十一","张齐，字子响，冯翊郡人。","LS-C19-P0019","OEBPS/text00001.html","filepos0000376781","19","338","0","12","ae59d3364722c0b66a76ed4f5b5e688a33770ca0cf856d848b640cd48de67bee","【二十四史】08：梁书 (姚思廉) (z-library.sk, 1lib.sk, z-lib.sk).epub","",""
"LIANG-EPUB-0005-E01","任次","LIANG-EPUB-0005","原有","张齐","天门太守","官职与纪年","梁书","17","列传第十一","天监二年，还为虎贲中郎将。未拜，迁天门太守，宁朔将军如故。","LS-C19-P0021","OEBPS/text00001.html","filepos0000376781","21","340","0","29","ae59d3364722c0b66a76ed4f5b5e688a33770ca0cf856d848b640cd48de67bee","【二十四史】08：梁书 (姚思廉) (z-library.sk, 1lib.sk, z-lib.sk).epub","",""
"LIANG-EPUB-0006-E01","任次","LIANG-EPUB-0006","原有","张齐","巴西太守","官职与纪年","梁书","17","列传第十一","七年秋，使齐置大剑、寒冢二戍，军还益州。其年，迁武旅将军、巴西太守，寻加征远将军。","LS-C19-P0021","OEBPS/text00001.html","filepos0000376781","21","340","66","107","ae59d3364722c0b66a76ed4f5b5e688a33770ca0cf856d848b640cd48de67bee","【二十四史】08：梁书 (姚思廉) (z-library.sk, 1lib.sk, z-lib.sk).epub","",""
"LIANG-EPUB-0006-E02","任次","LIANG-EPUB-0006","原有","张齐","巴西太守","年号上下文","梁书","17","列传第十一","天监二年，还为虎贲中郎将。","LS-C19-P0021","OEBPS/text00001.html","filepos0000376781","21","340","0","13","ae59d3364722c0b66a76ed4f5b5e688a33770ca0cf856d848b640cd48de67bee","【二十四史】08：梁书 (姚思廉) (z-library.sk, 1lib.sk, z-lib.sk).epub","",""
"LIANG-EPUB-0006-E03","任次","LIANG-EPUB-0006","原有","张齐","巴西太守","履任叙事","梁书","17","列传第十一","十年，郡人姚景和聚合蛮蜒，抄断江路，攻破金井。齐讨景和于平昌，破之。","LS-C19-P0022","OEBPS/text00001.html","filepos0000376781","22","341","0","34","ae59d3364722c0b66a76ed4f5b5e688a33770ca0cf856d848b640cd48de67bee","【二十四史】08：梁书 (姚思廉) (z-library.sk, 1lib.sk, z-lib.sk).epub","",""
"LIANG-EPUB-0007-E01","任次","LIANG-EPUB-0007","原有","柳忱","南郡太守","官职与纪年","梁书","12","列传第六","天监二年，出为安西长史、冠军将军、南郡太守。六年，征为员外散骑常侍、太子右卫率。","LS-C14-P0011","OEBPS/text00001.html","filepos0000291227","11","142","0","40","ae59d3364722c0b66a76ed4f5b5e688a33770ca0cf856d848b640cd48de67bee","【二十四史】08：梁书 (姚思廉) (z-library.sk, 1lib.sk, z-lib.sk).epub","",""
"LIANG-EPUB-0007-E02","任次","LIANG-EPUB-0007","原有","柳忱","南郡太守","人物身份","梁书","12","列传第六","忱字文若，惔第五弟也。","LS-C14-P0007","OEBPS/text00001.html","filepos0000291227","7","138","0","11","ae59d3364722c0b66a76ed4f5b5e688a33770ca0cf856d848b640cd48de67bee","【二十四史】08：梁书 (姚思廉) (z-library.sk, 1lib.sk, z-lib.sk).epub","",""
"LIANG-EPUB-0008-E01","任次","LIANG-EPUB-0008","原有","孙谦","零陵太守","官职与纪年","梁书","53","列传第四十七","天监六年，出为辅国将军、零陵太守，已衰老，犹强力为政，吏民安之。","LS-C55-P0029","OEBPS/text00004.html","filepos0001056665","29","368","0","32","ae59d3364722c0b66a76ed4f5b5e688a33770ca0cf856d848b640cd48de67bee","【二十四史】08：梁书 (姚思廉) (z-library.sk, 1lib.sk, z-lib.sk).epub","",""
"LIANG-EPUB-0008-E02","任次","LIANG-EPUB-0008","原有","孙谦","零陵太守","人物身份","梁书","53","列传第四十七","孙谦，字长逊，东莞莒人也。","LS-C55-P0026","OEBPS/text00004.html","filepos0001056665","26","365","0","13","ae59d3364722c0b66a76ed4f5b5e688a33770ca0cf856d848b640cd48de67bee","【二十四史】08：梁书 (姚思廉) (z-library.sk, 1lib.sk, z-lib.sk).epub","",""
"LIANG-EPUB-0008-E03","任次","LIANG-EPUB-0008","原有","孙谦","零陵太守","departure","梁书","53","列传第四十七","九年，以年老，征为光禄大夫。","LS-C55-P0029","OEBPS/text00004.html","filepos0001056665","29","368","82","96","ae59d3364722c0b66a76ed4f5b5e688a33770ca0cf856d848b640cd48de67bee","【二十四史】08：梁书 (姚思廉) (z-library.sk, 1lib.sk, z-lib.sk).epub","",""
"LIANG-EPUB-0009-E01","任次","LIANG-EPUB-0009","原有","柳恽","吴兴太守","官职与纪年","梁书","51","列传第四十五","天监四年，大举北伐，订民丁。吴兴太守柳恽以顗从役，扬州别驾陆任以书责之，","LS-C53-P0066","OEBPS/text00004.html","filepos0001009449","66","284","16","52","ae59d3364722c0b66a76ed4f5b5e688a33770ca0cf856d848b640cd48de67bee","【二十四史】08：梁书 (姚思廉) (z-library.sk, 1lib.sk, z-lib.sk).epub","",""
"LIANG-EPUB-0010-E01","任次","LIANG-EPUB-0010","原有","丘迟","永嘉太守","官职与纪年","梁书","49","列传第四十三","天监三年，出为永嘉太守，在郡不称职，为有司所纠，高祖爱其才，寝其奏。","LS-C51-P0006","OEBPS/text00004.html","filepos0000942693","6","93","228","262","ae59d3364722c0b66a76ed4f5b5e688a33770ca0cf856d848b640cd48de67bee","【二十四史】08：梁书 (姚思廉) (z-library.sk, 1lib.sk, z-lib.sk).epub","",""
"LIANG-EPUB-0010-E02","任次","LIANG-EPUB-0010","原有","丘迟","永嘉太守","人物身份","梁书","49","列传第四十三","丘迟，字希范，吴兴乌程人也。","LS-C51-P0006","OEBPS/text00004.html","filepos0000942693","6","93","0","14","ae59d3364722c0b66a76ed4f5b5e688a33770ca0cf856d848b640cd48de67bee","【二十四史】08：梁书 (姚思廉) (z-library.sk, 1lib.sk, z-lib.sk).epub","",""
"LIANG-EPUB-0011-E01","任次","LIANG-EPUB-0011","原有","萧子显","吴兴太守","官职与纪年","梁书","35","列传第二十九","大同三年，出为仁威将军、吴兴太守，至郡未几，卒，时年四十九。","LS-C37-P0018","OEBPS/text00003.html","","18","18","99","129","ae59d3364722c0b66a76ed4f5b5e688a33770ca0cf856d848b640cd48de67bee","【二十四史】08：梁书 (姚思廉) (z-library.sk, 1lib.sk, z-lib.sk).epub","",""
"LIANG-EPUB-0011-E02","任次","LIANG-EPUB-0011","原有","萧子显","吴兴太守","人物身份","梁书","35","列传第二十九","子显字景阳，子恪第八弟也。","LS-C37-P0015","OEBPS/text00003.html","","15","15","0","13","ae59d3364722c0b66a76ed4f5b5e688a33770ca0cf856d848b640cd48de67bee","【二十四史】08：梁书 (姚思廉) (z-library.sk, 1lib.sk, z-lib.sk).epub","",""
"LIANG-EPUB-0012-E01","任次","LIANG-EPUB-0012","原有","何敬容","吴郡太守","官职与纪年","梁书","37","列传第三十一","四年，出为招远将军、吴郡太守，为政勤恤民隐，辨讼如神，视事四年，治为天下第一。","LS-C39-P0009","OEBPS/text00003.html","filepos0000725127","9","74","194","233","ae59d3364722c0b66a76ed4f5b5e688a33770ca0cf856d848b640cd48de67bee","【二十四史】08：梁书 (姚思廉) (z-library.sk, 1lib.sk, z-lib.sk).epub","",""
"LIANG-EPUB-0012-E02","任次","LIANG-EPUB-0012","原有","何敬容","吴郡太守","年号上下文","梁书","37","列传第三十一","普通二年，复为侍中，领羽林监，","LS-C39-P0009","OEBPS/text00003.html","filepos0000725127","9","74","151","166","ae59d3364722c0b66a76ed4f5b5e688a33770ca0cf856d848b640cd48de67bee","【二十四史】08：梁书 (姚思廉) (z-library.sk, 1lib.sk, z-lib.sk).epub","",""
"LIANG-EPUB-0012-E03","任次","LIANG-EPUB-0012","原有","何敬容","吴郡太守","人物身份","梁书","37","列传第三十一","何敬容，字国礼，庐江人也。","LS-C39-P0009","OEBPS/text00003.html","filepos0000725127","9","74","0","13","ae59d3364722c0b66a76ed4f5b5e688a33770ca0cf856d848b640cd48de67bee","【二十四史】08：梁书 (姚思廉) (z-library.sk, 1lib.sk, z-lib.sk).epub","",""
"LIANG-EPUB-0013-E01","任次","LIANG-EPUB-0013","原有","周弘直","衡阳内史","官职与纪年","梁书","5","本纪第五","二月甲戌，衡阳内史周弘直表言凤皇见郡界。","LS-C07-P0005","OEBPS/text00000.html","filepos0000155081","5","335","38","58","ae59d3364722c0b66a76ed4f5b5e688a33770ca0cf856d848b640cd48de67bee","【二十四史】08：梁书 (姚思廉) (z-library.sk, 1lib.sk, z-lib.sk).epub","",""
"LIANG-EPUB-0013-E02","任次","LIANG-EPUB-0013","原有","周弘直","衡阳内史","年号上下文","梁书","5","本纪第五","大宝元年，世祖犹称太清四年。","LS-C07-P0005","OEBPS/text00000.html","filepos0000155081","5","335","0","14","ae59d3364722c0b66a76ed4f5b5e688a33770ca0cf856d848b640cd48de67bee","【二十四史】08：梁书 (姚思廉) (z-library.sk, 1lib.sk, z-lib.sk).epub","",""
"LIANG-EPUB-0014-E01","任次","LIANG-EPUB-0014","原有","裴之横","吴兴太守","官职与纪年","梁书","6","本纪第六","三月，齐遣其上党王高涣送贞阳侯萧渊明来主梁嗣，至东关，遣吴兴太守裴之横与战，败绩，之横死。","LS-C08-P0004","OEBPS/text00000.html","filepos0000193169","4","376","190","235","ae59d3364722c0b66a76ed4f5b5e688a33770ca0cf856d848b640cd48de67bee","【二十四史】08：梁书 (姚思廉) (z-library.sk, 1lib.sk, z-lib.sk).epub","",""
"LIANG-EPUB-0014-E02","任次","LIANG-EPUB-0014","原有","裴之横","吴兴太守","年号上下文","梁书","6","本纪第六","承圣元年，封晋安王，邑二千户。","LS-C08-P0004","OEBPS/text00000.html","filepos0000193169","4","376","0","15","ae59d3364722c0b66a76ed4f5b5e688a33770ca0cf856d848b640cd48de67bee","【二十四史】08：梁书 (姚思廉) (z-library.sk, 1lib.sk, z-lib.sk).epub","",""
"LIANG-EPUB-0014-E03","任次","LIANG-EPUB-0014","原有","裴之横","吴兴太守","年份上下文","梁书","6","本纪第六","四年二月癸丑，至自寻阳，入居朝堂。","LS-C08-P0004","OEBPS/text00000.html","filepos0000193169","4","376","78","95","ae59d3364722c0b66a76ed4f5b5e688a33770ca0cf856d848b640cd48de67bee","【二十四史】08：梁书 (姚思廉) (z-library.sk, 1lib.sk, z-lib.sk).epub","",""
"LIANG-EPUB-0015-E01","任次","LIANG-EPUB-0015","原有","韦载","义兴太守","官职与纪年","梁书","6","本纪第六","震州刺史杜龛举兵，攻信武将军陈蒨于长城，义兴太守韦载据郡以应之。","LS-C08-P0005","OEBPS/text00000.html","filepos0000193169","5","377","245","277","ae59d3364722c0b66a76ed4f5b5e688a33770ca0cf856d848b640cd48de67bee","【二十四史】08：梁书 (姚思廉) (z-library.sk, 1lib.sk, z-lib.sk).epub","",""
"LIANG-EPUB-0015-E02","任次","LIANG-EPUB-0015","原有","韦载","义兴太守","年号上下文","梁书","6","本纪第六","绍泰元年冬十月己巳，","LS-C08-P0005","OEBPS/text00000.html","filepos0000193169","5","377","0","10","ae59d3364722c0b66a76ed4f5b5e688a33770ca0cf856d848b640cd48de67bee","【二十四史】08：梁书 (姚思廉) (z-library.sk, 1lib.sk, z-lib.sk).epub","",""
"LIANG-EPUB-0016-E01","任次","LIANG-EPUB-0016","原有","周文育","晋陵太守","官职与纪年","梁书","6","本纪第六","遣晋陵太守周文育率军援长城。","LS-C08-P0005","OEBPS/text00000.html","filepos0000193169","5","377","462","476","ae59d3364722c0b66a76ed4f5b5e688a33770ca0cf856d848b640cd48de67bee","【二十四史】08：梁书 (姚思廉) (z-library.sk, 1lib.sk, z-lib.sk).epub","",""
"LIANG-EPUB-0016-E02","任次","LIANG-EPUB-0016","原有","周文育","晋陵太守","年号上下文","梁书","6","本纪第六","绍泰元年冬十月己巳，","LS-C08-P0005","OEBPS/text00000.html","filepos0000193169","5","377","0","10","ae59d3364722c0b66a76ed4f5b5e688a33770ca0cf856d848b640cd48de67bee","【二十四史】08：梁书 (姚思廉) (z-library.sk, 1lib.sk, z-lib.sk).epub","",""
"LIANG-EPUB-0017-E01","任次","LIANG-EPUB-0017","原有","王筠","广晋令","官职与纪年","梁书","27","列传第二十一","大同元年，遂结其门徒，杀广晋令王筠，号上愿元年，署置官属。","LS-C29-P0034","OEBPS/text00002.html","filepos0000547278","34","232","0","29","ae59d3364722c0b66a76ed4f5b5e688a33770ca0cf856d848b640cd48de67bee","【二十四史】08：梁书 (姚思廉) (z-library.sk, 1lib.sk, z-lib.sk).epub","",""
"LIANG-EPUB-0018-E01","任次","LIANG-EPUB-0018","原有","刘潜","阳羡令","官职与纪年","梁书","41","列传第三十五","大同元年，卒官。皇太子深悼惜之，与遵从兄阳羡令孝仪令曰：","LS-C43-P0047","OEBPS/text00003.html","filepos0000799163","47","274","119","147","ae59d3364722c0b66a76ed4f5b5e688a33770ca0cf856d848b640cd48de67bee","【二十四史】08：梁书 (姚思廉) (z-library.sk, 1lib.sk, z-lib.sk).epub","",""
"LIANG-EPUB-0018-E02","任次","LIANG-EPUB-0018","原有","刘潜","阳羡令","人物身份","梁书","41","列传第三十五","刘潜，字孝仪，秘书监孝绰弟也。","LS-C43-P0051","OEBPS/text00003.html","filepos0000799163","51","278","0","15","ae59d3364722c0b66a76ed4f5b5e688a33770ca0cf856d848b640cd48de67bee","【二十四史】08：梁书 (姚思廉) (z-library.sk, 1lib.sk, z-lib.sk).epub","",""
"LIANG-EPUB-0018-E03","任次","LIANG-EPUB-0018","原有","刘潜","阳羡令","career_context","梁书","41","列传第三十五","出为戎昭将军、阳羡令，甚有称绩，擢为建康令。","LS-C43-P0052","OEBPS/text00003.html","filepos0000799163","52","279","22","44","ae59d3364722c0b66a76ed4f5b5e688a33770ca0cf856d848b640cd48de67bee","【二十四史】08：梁书 (姚思廉) (z-library.sk, 1lib.sk, z-lib.sk).epub","",""
"LIANG-EPUB-0019-E01","任次","LIANG-EPUB-0019","原有","岑之敬","南沙令","官职与纪年","陈书","34","列传第二十八","太清元年，表请试吏，除南沙令。","CS-C35-P0036","OEBPS/text00002.html","filepos0000594788","36","340","277","292","46124feb6a153a6365fecaf1741ce0fd231d441348d8f7120e1c1d405df83303","【二十四史】09：陈书 (姚思廉) (z-library.sk, 1lib.sk, z-lib.sk).epub","",""
"LIANG-EPUB-0019-E02","任次","LIANG-EPUB-0019","原有","岑之敬","南沙令","人物身份","陈书","34","列传第二十八","岑之敬，字思礼，南阳棘阳人也。","CS-C35-P0036","OEBPS/text00002.html","filepos0000594788","36","340","0","15","46124feb6a153a6365fecaf1741ce0fd231d441348d8f7120e1c1d405df83303","【二十四史】09：陈书 (姚思廉) (z-library.sk, 1lib.sk, z-lib.sk).epub","",""
"LIANG-EPUB-0019-E03","任次","LIANG-EPUB-0019","原有","岑之敬","南沙令","履任叙事","陈书","34","列传第二十八","侯景之乱，之敬率所部赴援京师。","CS-C35-P0037","OEBPS/text00002.html","filepos0000594788","37","341","0","15","46124feb6a153a6365fecaf1741ce0fd231d441348d8f7120e1c1d405df83303","【二十四史】09：陈书 (姚思廉) (z-library.sk, 1lib.sk, z-lib.sk).epub","",""
"LIANG-EPUB-0020-E01","任次","LIANG-EPUB-0020","原有","陈拟","义兴太守","官职与纪年","陈书","15","列传第九","绍泰元年，授贞威将军、义兴太守。二年，入知卫尉事，","CS-C16-P0004","OEBPS/text00001.html","filepos0000279290","4","103","50","75","46124feb6a153a6365fecaf1741ce0fd231d441348d8f7120e1c1d405df83303","【二十四史】09：陈书 (姚思廉) (z-library.sk, 1lib.sk, z-lib.sk).epub","",""
"LIANG-EPUB-0020-E02","任次","LIANG-EPUB-0020","原有","陈拟","义兴太守","人物身份","陈书","15","列传第九","陈拟，字公正，高祖疏属也。","CS-C16-P0003","OEBPS/text00001.html","filepos0000279290","3","102","0","13","46124feb6a153a6365fecaf1741ce0fd231d441348d8f7120e1c1d405df83303","【二十四史】09：陈书 (姚思廉) (z-library.sk, 1lib.sk, z-lib.sk).epub","",""
"LIANG-EPUB-0021-E01","任次","LIANG-EPUB-0021","原有","程灵洗","兰陵太守","官职与纪年","陈书","10","列传第四","绍泰元年，授使持节、信武将军、兰陵太守，常侍如故，助防京口。","CS-C11-P0014","OEBPS/text00000.html","filepos0000215629","14","380","91","121","46124feb6a153a6365fecaf1741ce0fd231d441348d8f7120e1c1d405df83303","【二十四史】09：陈书 (姚思廉) (z-library.sk, 1lib.sk, z-lib.sk).epub","",""
"LIANG-EPUB-0022-E01","任次","LIANG-EPUB-0022","原有","周迪","临川内史","官职与纪年","陈书","35","列传第二十九","绍泰二年，除临川内史。寻授使持节、散骑常侍、信威将军、衡州刺史，领临川内史。","CS-C36-P0010","OEBPS/text00002.html","filepos0000626451","10","393","0","38","46124feb6a153a6365fecaf1741ce0fd231d441348d8f7120e1c1d405df83303","【二十四史】09：陈书 (姚思廉) (z-library.sk, 1lib.sk, z-lib.sk).epub","",""
"LIANG-EPUB-0022-E02","任次","LIANG-EPUB-0022","原有","周迪","临川内史","人物身份","陈书","35","列传第二十九","周迪，临川南城人也。","CS-C36-P0009","OEBPS/text00002.html","filepos0000626451","9","392","0","10","46124feb6a153a6365fecaf1741ce0fd231d441348d8f7120e1c1d405df83303","【二十四史】09：陈书 (姚思廉) (z-library.sk, 1lib.sk, z-lib.sk).epub","",""
"LIANG-EPUB-0023-E01","任次","LIANG-EPUB-0023","原有","留异","东阳太守","官职与纪年","陈书","35","列传第二十九","绍泰二年，以应接之功，除持节、通直散骑常侍、信武将军、缙州刺史，领东阳太守，封永兴县侯，邑五百户。","CS-C36-P0019","OEBPS/text00002.html","filepos0000626451","19","402","84","133","46124feb6a153a6365fecaf1741ce0fd231d441348d8f7120e1c1d405df83303","【二十四史】09：陈书 (姚思廉) (z-library.sk, 1lib.sk, z-lib.sk).epub","",""
"LIANG-EPUB-0023-E02","任次","LIANG-EPUB-0023","原有","留异","东阳太守","人物身份","陈书","35","列传第二十九","留异，东阳长山人也。","CS-C36-P0017","OEBPS/text00002.html","filepos0000626451","17","400","0","10","46124feb6a153a6365fecaf1741ce0fd231d441348d8f7120e1c1d405df83303","【二十四史】09：陈书 (姚思廉) (z-library.sk, 1lib.sk, z-lib.sk).epub","",""
"LIANG-EPUB-0023-E03","任次","LIANG-EPUB-0023","原有","留异","东阳太守","履任叙事","陈书","35","列传第二十九","而拥擅一郡，威福在己。","CS-C36-P0019","OEBPS/text00002.html","filepos0000626451","19","402","73","84","46124feb6a153a6365fecaf1741ce0fd231d441348d8f7120e1c1d405df83303","【二十四史】09：陈书 (姚思廉) (z-library.sk, 1lib.sk, z-lib.sk).epub","",""
"LIANG-EPUB-0024-E01","任次","LIANG-EPUB-0024","原有","陈宝应","晋安太守","官职与纪年","陈书","35","列传第二十九","高祖辅政，羽请归老，求传郡于宝应，高祖许之。绍泰元年，授壮武将军、晋安太守，","CS-C36-P0027","OEBPS/text00002.html","filepos0000626451","27","410","0","38","46124feb6a153a6365fecaf1741ce0fd231d441348d8f7120e1c1d405df83303","【二十四史】09：陈书 (姚思廉) (z-library.sk, 1lib.sk, z-lib.sk).epub","",""
"LIANG-EPUB-0024-E02","任次","LIANG-EPUB-0024","原有","陈宝应","晋安太守","人物身份","陈书","35","列传第二十九","陈宝应，晋安候官人也。","CS-C36-P0024","OEBPS/text00002.html","filepos0000626451","24","407","0","11","46124feb6a153a6365fecaf1741ce0fd231d441348d8f7120e1c1d405df83303","【二十四史】09：陈书 (姚思廉) (z-library.sk, 1lib.sk, z-lib.sk).epub","",""
"LIANG-EPUB-0025-E01","任次","LIANG-EPUB-0025","原有","袁枢","吴兴太守","官职与纪年","陈书","17","列传第十一","绍泰元年，征为给事黄门侍郎。未拜，除员外散骑常侍，兼侍中。二年，兼吏部尚书。其年出为吴兴太守。","CS-C18-P0023","OEBPS/text00001.html","filepos0000301774","23","167","181","228","46124feb6a153a6365fecaf1741ce0fd231d441348d8f7120e1c1d405df83303","【二十四史】09：陈书 (姚思廉) (z-library.sk, 1lib.sk, z-lib.sk).epub","",""
"LIANG-EPUB-0025-E02","任次","LIANG-EPUB-0025","原有","袁枢","吴兴太守","人物身份","陈书","17","列传第十一","枢字践言，梁吴郡太守君正之子也。","CS-C18-P0023","OEBPS/text00001.html","filepos0000301774","23","167","0","16","46124feb6a153a6365fecaf1741ce0fd231d441348d8f7120e1c1d405df83303","【二十四史】09：陈书 (姚思廉) (z-library.sk, 1lib.sk, z-lib.sk).epub","",""
"LIANG-EPUB-0026-E01","任次","LIANG-EPUB-0026","原有","谢征","南兰陵太守","官职与纪年","梁书","50","列传第四十四","六年，出为北中郎豫章王长史、南兰陵太守。大同二年，卒官，时年三十七。","LS-C52-P0056","OEBPS/text00004.html","filepos0000965286","56","187","121","155","ae59d3364722c0b66a76ed4f5b5e688a33770ca0cf856d848b640cd48de67bee","【二十四史】08：梁书 (姚思廉) (z-library.sk, 1lib.sk, z-lib.sk).epub","",""
"LIANG-EPUB-0026-E02","任次","LIANG-EPUB-0026","原有","谢征","南兰陵太守","年号上下文","梁书","50","列传第四十四","中大通元年，以父丧去职，","LS-C52-P0056","OEBPS/text00004.html","filepos0000965286","56","187","0","12","ae59d3364722c0b66a76ed4f5b5e688a33770ca0cf856d848b640cd48de67bee","【二十四史】08：梁书 (姚思廉) (z-library.sk, 1lib.sk, z-lib.sk).epub","",""
"LIANG-EPUB-0026-E03","任次","LIANG-EPUB-0026","原有","谢征","南兰陵太守","人物身份","梁书","50","列传第四十四","谢征，字玄度，陈郡阳夏人。","LS-C52-P0052","OEBPS/text00004.html","filepos0000965286","52","183","0","13","ae59d3364722c0b66a76ed4f5b5e688a33770ca0cf856d848b640cd48de67bee","【二十四史】08：梁书 (姚思廉) (z-library.sk, 1lib.sk, z-lib.sk).epub","",""
"LIANG-EPUB-0027-E01","任次","LIANG-EPUB-0027","原有","沈瑀","寻阳太守","官职与纪年","梁书","53","列传第四十七","景宗卒，仍为信威萧颖达长史，太守如故。瑀性屈强，每忤颖达，颖达衔之。天监八年，","LS-C55-P0016","OEBPS/text00004.html","filepos0001056665","16","355","61","100","ae59d3364722c0b66a76ed4f5b5e688a33770ca0cf856d848b640cd48de67bee","【二十四史】08：梁书 (姚思廉) (z-library.sk, 1lib.sk, z-lib.sk).epub","",""
"LIANG-EPUB-0027-E02","任次","LIANG-EPUB-0027","原有","沈瑀","寻阳太守","office_context","梁书","53","列传第四十七","出为安南长史、寻阳太守。","LS-C55-P0016","OEBPS/text00004.html","filepos0001056665","16","355","33","45","ae59d3364722c0b66a76ed4f5b5e688a33770ca0cf856d848b640cd48de67bee","【二十四史】08：梁书 (姚思廉) (z-library.sk, 1lib.sk, z-lib.sk).epub","",""
"LIANG-EPUB-0027-E03","任次","LIANG-EPUB-0027","原有","沈瑀","寻阳太守","death_context","梁书","53","列传第四十七","是日，于路为盗所杀，时年五十九，","LS-C55-P0016","OEBPS/text00004.html","filepos0001056665","16","355","150","166","ae59d3364722c0b66a76ed4f5b5e688a33770ca0cf856d848b640cd48de67bee","【二十四史】08：梁书 (姚思廉) (z-library.sk, 1lib.sk, z-lib.sk).epub","",""
"LIANG-EPUB-0027-E04","任次","LIANG-EPUB-0027","原有","沈瑀","寻阳太守","人物身份","梁书","53","列传第四十七","沈瑀，字伯瑜，吴兴武康人也。","LS-C55-P0008","OEBPS/text00004.html","filepos0001056665","8","347","0","14","ae59d3364722c0b66a76ed4f5b5e688a33770ca0cf856d848b640cd48de67bee","【二十四史】08：梁书 (姚思廉) (z-library.sk, 1lib.sk, z-lib.sk).epub","",""
"LIANG-EPUB-0028-E01","任次","LIANG-EPUB-0028","原有","王志","南郡太守","官职与纪年","梁书","21","列传第十五","六年，出为云麾将军、安西始兴王长史、南郡太守。","LS-C23-P0012","OEBPS/text00001.html","filepos0000429106","12","453","182","205","ae59d3364722c0b66a76ed4f5b5e688a33770ca0cf856d848b640cd48de67bee","【二十四史】08：梁书 (姚思廉) (z-library.sk, 1lib.sk, z-lib.sk).epub","",""
"LIANG-EPUB-0028-E02","任次","LIANG-EPUB-0028","原有","王志","南郡太守","年号上下文","梁书","21","列传第十五","天监元年，以本官领前军将军。","LS-C23-P0012","OEBPS/text00001.html","filepos0000429106","12","453","0","14","ae59d3364722c0b66a76ed4f5b5e688a33770ca0cf856d848b640cd48de67bee","【二十四史】08：梁书 (姚思廉) (z-library.sk, 1lib.sk, z-lib.sk).epub","",""
"LIANG-EPUB-0028-E03","任次","LIANG-EPUB-0028","原有","王志","南郡太守","人物身份","梁书","21","列传第十五","王志，字次道，琅邪临沂人。","LS-C23-P0009","OEBPS/text00001.html","filepos0000429106","9","450","0","13","ae59d3364722c0b66a76ed4f5b5e688a33770ca0cf856d848b640cd48de67bee","【二十四史】08：梁书 (姚思廉) (z-library.sk, 1lib.sk, z-lib.sk).epub","",""
"LIANG-EPUB-0028-E04","任次","LIANG-EPUB-0028","原有","王志","南郡太守","next_office_boundary","梁书","21","列传第十五","六年，出为云麾将军、安西始兴王长史、南郡太守。明年，迁军师将军、平西鄱阳郡王长史、江夏太守，并加秩中二千石。","LS-C23-P0012","OEBPS/text00001.html","filepos0000429106","12","453","182","236","ae59d3364722c0b66a76ed4f5b5e688a33770ca0cf856d848b640cd48de67bee","【二十四史】08：梁书 (姚思廉) (z-library.sk, 1lib.sk, z-lib.sk).epub","",""
"LIANG-EPUB-0029-E01","任次","LIANG-EPUB-0029","原有","王志","江夏太守","官职与纪年","梁书","21","列传第十五","六年，出为云麾将军、安西始兴王长史、南郡太守。明年，迁军师将军、平西鄱阳郡王长史、江夏太守，并加秩中二千石。","LS-C23-P0012","OEBPS/text00001.html","filepos0000429106","12","453","182","236","ae59d3364722c0b66a76ed4f5b5e688a33770ca0cf856d848b640cd48de67bee","【二十四史】08：梁书 (姚思廉) (z-library.sk, 1lib.sk, z-lib.sk).epub","",""
"LIANG-EPUB-0029-E02","任次","LIANG-EPUB-0029","原有","王志","江夏太守","年号上下文","梁书","21","列传第十五","天监元年，以本官领前军将军。","LS-C23-P0012","OEBPS/text00001.html","filepos0000429106","12","453","0","14","ae59d3364722c0b66a76ed4f5b5e688a33770ca0cf856d848b640cd48de67bee","【二十四史】08：梁书 (姚思廉) (z-library.sk, 1lib.sk, z-lib.sk).epub","",""
"LIANG-EPUB-0030-E01","任次","LIANG-EPUB-0030","本轮新增","王骞","东阳太守","官职与纪年","梁书","7","列传第一","天监四年，出为东阳太守，寻徙吴郡。","LS-C09-P0019","OEBPS/text00000.html","filepos0000207790","19","415","147","164","ae59d3364722c0b66a76ed4f5b5e688a33770ca0cf856d848b640cd48de67bee","【二十四史】08：梁书 (姚思廉) (z-library.sk, 1lib.sk, z-lib.sk).epub","",""
"LIANG-EPUB-0030-E02","任次","LIANG-EPUB-0030","本轮新增","王骞","东阳太守","人物身份","梁书","7","列传第一","父骞，字思寂，本名玄成，与齐高帝偏讳同，故改焉。","LS-C09-P0018","OEBPS/text00000.html","filepos0000207790","18","414","0","24","ae59d3364722c0b66a76ed4f5b5e688a33770ca0cf856d848b640cd48de67bee","【二十四史】08：梁书 (姚思廉) (z-library.sk, 1lib.sk, z-lib.sk).epub","",""
"LIANG-EPUB-0030-E03","任次","LIANG-EPUB-0030","本轮新增","王骞","东阳太守","family_context","梁书","7","列传第一","太宗简皇后王氏，讳灵宾，琅邪临沂人也。","LS-C09-P0015","OEBPS/text00000.html","filepos0000207790","15","411","0","19","ae59d3364722c0b66a76ed4f5b5e688a33770ca0cf856d848b640cd48de67bee","【二十四史】08：梁书 (姚思廉) (z-library.sk, 1lib.sk, z-lib.sk).epub","",""
"LIANG-EPUB-0031-E01","任次","LIANG-EPUB-0031","本轮新增","宗夬","东海太守","官职与纪年","梁书","19","列传第十三","天监元年，迁征虏长史、东海太守，将军如故。二年，征为太子右卫率。","LS-C21-P0005","OEBPS/text00001.html","filepos0000405796","5","389","161","193","ae59d3364722c0b66a76ed4f5b5e688a33770ca0cf856d848b640cd48de67bee","【二十四史】08：梁书 (姚思廉) (z-library.sk, 1lib.sk, z-lib.sk).epub","",""
"LIANG-EPUB-0031-E02","任次","LIANG-EPUB-0031","本轮新增","宗夬","东海太守","人物身份","梁书","19","列传第十三","宗夬，字明扬，南阳涅阳人也，世居江陵。","LS-C21-P0003","OEBPS/text00001.html","filepos0000405796","3","387","0","19","ae59d3364722c0b66a76ed4f5b5e688a33770ca0cf856d848b640cd48de67bee","【二十四史】08：梁书 (姚思廉) (z-library.sk, 1lib.sk, z-lib.sk).epub","",""
"LIANG-EPUB-0032-E01","任次","LIANG-EPUB-0032","本轮新增","朱僧勇","宣城太守","官职与纪年","梁书","21","列传第十五","天监九年，宣城郡吏吴承伯挟祅道聚众攻宣城，杀太守硃僧勇。","LS-C23-P0080","OEBPS/text00001.html","filepos0000429106","80","521","0","28","ae59d3364722c0b66a76ed4f5b5e688a33770ca0cf856d848b640cd48de67bee","【二十四史】08：梁书 (姚思廉) (z-library.sk, 1lib.sk, z-lib.sk).epub","",""
"LIANG-EPUB-0033-E01","任次","LIANG-EPUB-0033","本轮新增","蔡撙","吴兴太守","官职与纪年","梁书","21","列传第十五","天监九年，宣城郡吏吴承伯挟祅道聚众攻宣城，杀太守硃僧勇。因转屠旁县，逾山寇吴兴，所过皆残破，众有二万，奄袭郡城。东道不习兵革，吏民恇扰奔散，并请撙避之。撙坚守不动，募勇敢固郡。","LS-C23-P0080","OEBPS/text00001.html","filepos0000429106","80","521","0","88","ae59d3364722c0b66a76ed4f5b5e688a33770ca0cf856d848b640cd48de67bee","【二十四史】08：梁书 (姚思廉) (z-library.sk, 1lib.sk, z-lib.sk).epub","",""
"LIANG-EPUB-0033-E02","任次","LIANG-EPUB-0033","本轮新增","蔡撙","吴兴太守","人物身份","梁书","21","列传第十五","蔡撙，字景节，济阳考城人。","LS-C23-P0078","OEBPS/text00001.html","filepos0000429106","78","519","0","13","ae59d3364722c0b66a76ed4f5b5e688a33770ca0cf856d848b640cd48de67bee","【二十四史】08：梁书 (姚思廉) (z-library.sk, 1lib.sk, z-lib.sk).epub","",""
"LIANG-EPUB-0033-E03","任次","LIANG-EPUB-0033","本轮新增","蔡撙","吴兴太守","office_context","梁书","21","列传第十五","复为侍中，吴兴太守。","LS-C23-P0079","OEBPS/text00001.html","filepos0000429106","79","520","131","141","ae59d3364722c0b66a76ed4f5b5e688a33770ca0cf856d848b640cd48de67bee","【二十四史】08：梁书 (姚思廉) (z-library.sk, 1lib.sk, z-lib.sk).epub","",""
"LIANG-EPUB-0034-E01","任次","LIANG-EPUB-0034","本轮新增","蔡撙","吴郡太守","官职与纪年","梁书","21","列传第十五","普通二年，出为宣毅将军、吴郡太守。","LS-C23-P0080","OEBPS/text00001.html","filepos0000429106","80","521","200","217","ae59d3364722c0b66a76ed4f5b5e688a33770ca0cf856d848b640cd48de67bee","【二十四史】08：梁书 (姚思廉) (z-library.sk, 1lib.sk, z-lib.sk).epub","",""
"LIANG-EPUB-0034-E02","任次","LIANG-EPUB-0034","本轮新增","蔡撙","吴郡太守","人物身份","梁书","21","列传第十五","蔡撙，字景节，济阳考城人。","LS-C23-P0078","OEBPS/text00001.html","filepos0000429106","78","519","0","13","ae59d3364722c0b66a76ed4f5b5e688a33770ca0cf856d848b640cd48de67bee","【二十四史】08：梁书 (姚思廉) (z-library.sk, 1lib.sk, z-lib.sk).epub","",""
"LIANG-EPUB-0035-E01","任次","LIANG-EPUB-0035","本轮新增","白涡","武陵太守","官职与纪年","梁书","25","列传第十九","普通五年，南津获武陵太守白涡书，许遗舍面钱百万，津司以闻。","LS-C27-P0009","OEBPS/text00002.html","filepos0000509265","9","118","0","29","ae59d3364722c0b66a76ed4f5b5e688a33770ca0cf856d848b640cd48de67bee","【二十四史】08：梁书 (姚思廉) (z-library.sk, 1lib.sk, z-lib.sk).epub","",""
"LIANG-EPUB-0036-E01","任次","LIANG-EPUB-0036","本轮新增","萧琛","宣城太守","官职与纪年","梁书","26","列传第二十","天监元年，迁庶子，出为宣城太守。","LS-C28-P0026","OEBPS/text00002.html","filepos0000531967","26","180","79","95","ae59d3364722c0b66a76ed4f5b5e688a33770ca0cf856d848b640cd48de67bee","【二十四史】08：梁书 (姚思廉) (z-library.sk, 1lib.sk, z-lib.sk).epub","",""
"LIANG-EPUB-0036-E02","任次","LIANG-EPUB-0036","本轮新增","萧琛","宣城太守","人物身份","梁书","26","列传第二十","萧琛，字彦瑜，兰陵人。","LS-C28-P0021","OEBPS/text00002.html","filepos0000531967","21","175","0","11","ae59d3364722c0b66a76ed4f5b5e688a33770ca0cf856d848b640cd48de67bee","【二十四史】08：梁书 (姚思廉) (z-library.sk, 1lib.sk, z-lib.sk).epub","",""
"LIANG-EPUB-0036-E03","任次","LIANG-EPUB-0036","本轮新增","萧琛","宣城太守","履任叙事","梁书","26","列传第二十","始琛在宣城，有北僧南度，惟赉一葫芦，中有《汉书序传》。","LS-C28-P0027","OEBPS/text00002.html","filepos0000531967","27","181","0","27","ae59d3364722c0b66a76ed4f5b5e688a33770ca0cf856d848b640cd48de67bee","【二十四史】08：梁书 (姚思廉) (z-library.sk, 1lib.sk, z-lib.sk).epub","",""
"LIANG-EPUB-0037-E01","任次","LIANG-EPUB-0037","本轮新增","萧琛","江夏太守","官职与纪年","梁书","26","列传第二十","三年，除太子中庶子、散骑常侍。九年，出为宁远将军、平西长史、江夏太守。","LS-C28-P0026","OEBPS/text00002.html","filepos0000531967","26","180","110","145","ae59d3364722c0b66a76ed4f5b5e688a33770ca0cf856d848b640cd48de67bee","【二十四史】08：梁书 (姚思廉) (z-library.sk, 1lib.sk, z-lib.sk).epub","",""
"LIANG-EPUB-0037-E02","任次","LIANG-EPUB-0037","本轮新增","萧琛","江夏太守","年号上下文","梁书","26","列传第二十","天监元年，迁庶子，出为宣城太守。","LS-C28-P0026","OEBPS/text00002.html","filepos0000531967","26","180","79","95","ae59d3364722c0b66a76ed4f5b5e688a33770ca0cf856d848b640cd48de67bee","【二十四史】08：梁书 (姚思廉) (z-library.sk, 1lib.sk, z-lib.sk).epub","",""
"LIANG-EPUB-0037-E03","任次","LIANG-EPUB-0037","本轮新增","萧琛","江夏太守","人物身份","梁书","26","列传第二十","萧琛，字彦瑜，兰陵人。","LS-C28-P0021","OEBPS/text00002.html","filepos0000531967","21","175","0","11","ae59d3364722c0b66a76ed4f5b5e688a33770ca0cf856d848b640cd48de67bee","【二十四史】08：梁书 (姚思廉) (z-library.sk, 1lib.sk, z-lib.sk).epub","",""
"LIANG-EPUB-0038-E01","任次","LIANG-EPUB-0038","本轮新增","萧琛","晋陵太守","官职与纪年","梁书","26","列传第二十","中大通元年，为云麾将军、晋陵太守，秩中二千石。以疾自解，改授侍中、特进、金紫光禄大夫。","LS-C28-P0033","OEBPS/text00002.html","filepos0000531967","33","187","24","67","ae59d3364722c0b66a76ed4f5b5e688a33770ca0cf856d848b640cd48de67bee","【二十四史】08：梁书 (姚思廉) (z-library.sk, 1lib.sk, z-lib.sk).epub","",""
"LIANG-EPUB-0038-E02","任次","LIANG-EPUB-0038","本轮新增","萧琛","晋陵太守","人物身份","梁书","26","列传第二十","萧琛，字彦瑜，兰陵人。","LS-C28-P0021","OEBPS/text00002.html","filepos0000531967","21","175","0","11","ae59d3364722c0b66a76ed4f5b5e688a33770ca0cf856d848b640cd48de67bee","【二十四史】08：梁书 (姚思廉) (z-library.sk, 1lib.sk, z-lib.sk).epub","",""
"LIANG-EPUB-0039-E01","任次","LIANG-EPUB-0039","本轮新增","陆杲","义兴太守","官职与纪年","梁书","26","列传第二十","八年，出为义兴太守，在郡宽惠，为民下所称。","LS-C28-P0040","OEBPS/text00002.html","filepos0000531967","40","194","21","42","ae59d3364722c0b66a76ed4f5b5e688a33770ca0cf856d848b640cd48de67bee","【二十四史】08：梁书 (姚思廉) (z-library.sk, 1lib.sk, z-lib.sk).epub","",""
"LIANG-EPUB-0039-E02","任次","LIANG-EPUB-0039","本轮新增","陆杲","义兴太守","人物身份","梁书","26","列传第二十","陆杲，字明霞，吴郡吴人。","LS-C28-P0034","OEBPS/text00002.html","filepos0000531967","34","188","0","12","ae59d3364722c0b66a76ed4f5b5e688a33770ca0cf856d848b640cd48de67bee","【二十四史】08：梁书 (姚思廉) (z-library.sk, 1lib.sk, z-lib.sk).epub","",""
"LIANG-EPUB-0039-E03","任次","LIANG-EPUB-0039","本轮新增","陆杲","义兴太守","年号上下文","梁书","26","列传第二十","天监元年，除抚军长史，母忧去职。","LS-C28-P0036","OEBPS/text00002.html","filepos0000531967","36","190","20","36","ae59d3364722c0b66a76ed4f5b5e688a33770ca0cf856d848b640cd48de67bee","【二十四史】08：梁书 (姚思廉) (z-library.sk, 1lib.sk, z-lib.sk).epub","",""
"LIANG-EPUB-0040-E01","任次","LIANG-EPUB-0040","本轮新增","陆杲","临川内史","官职与纪年","梁书","26","列传第二十","普通二年，出为仁威将军、临川内史。五年，入为金紫光禄大夫，又领扬州大中正。","LS-C28-P0040","OEBPS/text00002.html","filepos0000531967","40","194","110","147","ae59d3364722c0b66a76ed4f5b5e688a33770ca0cf856d848b640cd48de67bee","【二十四史】08：梁书 (姚思廉) (z-library.sk, 1lib.sk, z-lib.sk).epub","",""
"LIANG-EPUB-0040-E02","任次","LIANG-EPUB-0040","本轮新增","陆杲","临川内史","人物身份","梁书","26","列传第二十","陆杲，字明霞，吴郡吴人。","LS-C28-P0034","OEBPS/text00002.html","filepos0000531967","34","188","0","12","ae59d3364722c0b66a76ed4f5b5e688a33770ca0cf856d848b640cd48de67bee","【二十四史】08：梁书 (姚思廉) (z-library.sk, 1lib.sk, z-lib.sk).epub","",""
"LIANG-EPUB-0041-E01","任次","LIANG-EPUB-0041","本轮新增","夏侯亶","宣城太守","官职与纪年","梁书","28","列传第二十二","天监元年，出为宣城太守。寻入为散骑常侍，领右骁骑将军。","LS-C30-P0023","OEBPS/text00002.html","filepos0000564022","23","258","169","196","ae59d3364722c0b66a76ed4f5b5e688a33770ca0cf856d848b640cd48de67bee","【二十四史】08：梁书 (姚思廉) (z-library.sk, 1lib.sk, z-lib.sk).epub","",""
"LIANG-EPUB-0041-E02","任次","LIANG-EPUB-0041","本轮新增","夏侯亶","宣城太守","人物身份","梁书","28","列传第二十二","夏侯亶，字世龙，车骑将军详长子也。","LS-C30-P0023","OEBPS/text00002.html","filepos0000564022","23","258","0","17","ae59d3364722c0b66a76ed4f5b5e688a33770ca0cf856d848b640cd48de67bee","【二十四史】08：梁书 (姚思廉) (z-library.sk, 1lib.sk, z-lib.sk).epub","",""
"LIANG-EPUB-0042-E01","任次","LIANG-EPUB-0042","本轮新增","夏侯亶","南郡太守","官职与纪年","梁书","28","列传第二十二","六年，出为平西始兴王长史、南郡太守，父忧解职。","LS-C30-P0023","OEBPS/text00002.html","filepos0000564022","23","258","196","219","ae59d3364722c0b66a76ed4f5b5e688a33770ca0cf856d848b640cd48de67bee","【二十四史】08：梁书 (姚思廉) (z-library.sk, 1lib.sk, z-lib.sk).epub","",""
"LIANG-EPUB-0042-E02","任次","LIANG-EPUB-0042","本轮新增","夏侯亶","南郡太守","年号上下文","梁书","28","列传第二十二","天监元年，出为宣城太守。","LS-C30-P0023","OEBPS/text00002.html","filepos0000564022","23","258","169","181","ae59d3364722c0b66a76ed4f5b5e688a33770ca0cf856d848b640cd48de67bee","【二十四史】08：梁书 (姚思廉) (z-library.sk, 1lib.sk, z-lib.sk).epub","",""
"LIANG-EPUB-0042-E03","任次","LIANG-EPUB-0042","本轮新增","夏侯亶","南郡太守","人物身份","梁书","28","列传第二十二","夏侯亶，字世龙，车骑将军详长子也。","LS-C30-P0023","OEBPS/text00002.html","filepos0000564022","23","258","0","17","ae59d3364722c0b66a76ed4f5b5e688a33770ca0cf856d848b640cd48de67bee","【二十四史】08：梁书 (姚思廉) (z-library.sk, 1lib.sk, z-lib.sk).epub","",""
"LIANG-EPUB-0043-E01","任次","LIANG-EPUB-0043","本轮新增","夏侯亶","安陆太守","官职与纪年","梁书","28","列传第二十二","八年，起为持节、督司州诸军事、信武将军、司州刺史，领安陆太守。服阕，袭封豊城县公。居州甚有威惠，为边人所悦服。","LS-C30-P0023","OEBPS/text00002.html","filepos0000564022","23","258","236","291","ae59d3364722c0b66a76ed4f5b5e688a33770ca0cf856d848b640cd48de67bee","【二十四史】08：梁书 (姚思廉) (z-library.sk, 1lib.sk, z-lib.sk).epub","",""
"LIANG-EPUB-0043-E02","任次","LIANG-EPUB-0043","本轮新增","夏侯亶","安陆太守","年号上下文","梁书","28","列传第二十二","天监元年，出为宣城太守。","LS-C30-P0023","OEBPS/text00002.html","filepos0000564022","23","258","169","181","ae59d3364722c0b66a76ed4f5b5e688a33770ca0cf856d848b640cd48de67bee","【二十四史】08：梁书 (姚思廉) (z-library.sk, 1lib.sk, z-lib.sk).epub","",""
"LIANG-EPUB-0043-E03","任次","LIANG-EPUB-0043","本轮新增","夏侯亶","安陆太守","人物身份","梁书","28","列传第二十二","夏侯亶，字世龙，车骑将军详长子也。","LS-C30-P0023","OEBPS/text00002.html","filepos0000564022","23","258","0","17","ae59d3364722c0b66a76ed4f5b5e688a33770ca0cf856d848b640cd48de67bee","【二十四史】08：梁书 (姚思廉) (z-library.sk, 1lib.sk, z-lib.sk).epub","",""
"LIANG-EPUB-0044-E01","任次","LIANG-EPUB-0044","本轮新增","夏侯亶","江夏太守","官职与纪年","梁书","28","列传第二十二","十五年，出为信武将军、安西长史、江夏太守。十七年，入为通直散骑常侍、太子右卫率，","LS-C30-P0024","OEBPS/text00002.html","filepos0000564022","24","259","0","40","ae59d3364722c0b66a76ed4f5b5e688a33770ca0cf856d848b640cd48de67bee","【二十四史】08：梁书 (姚思廉) (z-library.sk, 1lib.sk, z-lib.sk).epub","",""
"LIANG-EPUB-0044-E02","任次","LIANG-EPUB-0044","本轮新增","夏侯亶","江夏太守","年号上下文","梁书","28","列传第二十二","天监元年，出为宣城太守。","LS-C30-P0023","OEBPS/text00002.html","filepos0000564022","23","258","169","181","ae59d3364722c0b66a76ed4f5b5e688a33770ca0cf856d848b640cd48de67bee","【二十四史】08：梁书 (姚思廉) (z-library.sk, 1lib.sk, z-lib.sk).epub","",""
"LIANG-EPUB-0044-E03","任次","LIANG-EPUB-0044","本轮新增","夏侯亶","江夏太守","人物身份","梁书","28","列传第二十二","夏侯亶，字世龙，车骑将军详长子也。","LS-C30-P0023","OEBPS/text00002.html","filepos0000564022","23","258","0","17","ae59d3364722c0b66a76ed4f5b5e688a33770ca0cf856d848b640cd48de67bee","【二十四史】08：梁书 (姚思廉) (z-library.sk, 1lib.sk, z-lib.sk).epub","",""
"LIANG-EPUB-0045-E01","任次","LIANG-EPUB-0045","本轮新增","韦放","盱眙太守","官职与纪年","梁书","28","列传第二十二","天监元年，为盱眙太守，还除通直郎，","LS-C30-P0037","OEBPS/text00002.html","filepos0000564022","37","272","57","74","ae59d3364722c0b66a76ed4f5b5e688a33770ca0cf856d848b640cd48de67bee","【二十四史】08：梁书 (姚思廉) (z-library.sk, 1lib.sk, z-lib.sk).epub","",""
"LIANG-EPUB-0045-E02","任次","LIANG-EPUB-0045","本轮新增","韦放","盱眙太守","人物身份","梁书","28","列传第二十二","韦放，字元直，车骑将军睿之子。","LS-C30-P0037","OEBPS/text00002.html","filepos0000564022","37","272","0","15","ae59d3364722c0b66a76ed4f5b5e688a33770ca0cf856d848b640cd48de67bee","【二十四史】08：梁书 (姚思廉) (z-library.sk, 1lib.sk, z-lib.sk).epub","",""
"LIANG-EPUB-0046-E01","任次","LIANG-EPUB-0046","本轮新增","徐摛","新安太守","官职与纪年","梁书","30","列传第二十四","中大通三年，遂出为新安太守。至郡，为治清静，教民礼义，劝课农桑，期月之中，风俗便改。","LS-C32-P0023","OEBPS/text00002.html","filepos0000601170","23","340","204","246","ae59d3364722c0b66a76ed4f5b5e688a33770ca0cf856d848b640cd48de67bee","【二十四史】08：梁书 (姚思廉) (z-library.sk, 1lib.sk, z-lib.sk).epub","",""
"LIANG-EPUB-0046-E02","任次","LIANG-EPUB-0046","本轮新增","徐摛","新安太守","人物身份","梁书","30","列传第二十四","徐摛，字士秀，东海郯人也。","LS-C32-P0022","OEBPS/text00002.html","filepos0000601170","22","339","0","13","ae59d3364722c0b66a76ed4f5b5e688a33770ca0cf856d848b640cd48de67bee","【二十四史】08：梁书 (姚思廉) (z-library.sk, 1lib.sk, z-lib.sk).epub","",""
"LIANG-EPUB-0047-E01","任次","LIANG-EPUB-0047","本轮新增","萧子恪","吴郡太守","官职与纪年","梁书","35","列传第二十九","大通二年，出为宁远将军、吴郡太守。三年，卒于郡舍，时年五十二。","LS-C37-P0007","OEBPS/text00003.html","","7","7","83","114","ae59d3364722c0b66a76ed4f5b5e688a33770ca0cf856d848b640cd48de67bee","【二十四史】08：梁书 (姚思廉) (z-library.sk, 1lib.sk, z-lib.sk).epub","",""
"LIANG-EPUB-0047-E02","任次","LIANG-EPUB-0047","本轮新增","萧子恪","吴郡太守","人物身份","梁书","35","列传第二十九","萧子恪，字景冲，兰陵人，齐豫章文献王嶷第二子也。","LS-C37-P0003","OEBPS/text00003.html","","3","3","0","24","ae59d3364722c0b66a76ed4f5b5e688a33770ca0cf856d848b640cd48de67bee","【二十四史】08：梁书 (姚思廉) (z-library.sk, 1lib.sk, z-lib.sk).epub","",""
"LIANG-EPUB-0048-E01","任次","LIANG-EPUB-0048","本轮新增","王褒","南平内史","官职与纪年","梁书","41","列传第三十五","大宝二年，世祖命征褒赴江陵，既至，以为忠武将军、南平内史，俄迁吏部尚书、侍中。","LS-C43-P0009","OEBPS/text00003.html","filepos0000799163","9","236","139","178","ae59d3364722c0b66a76ed4f5b5e688a33770ca0cf856d848b640cd48de67bee","【二十四史】08：梁书 (姚思廉) (z-library.sk, 1lib.sk, z-lib.sk).epub","",""
"LIANG-EPUB-0048-E02","任次","LIANG-EPUB-0048","本轮新增","王褒","南平内史","人物身份","梁书","41","列传第三十五","子褒，字子汉，七岁能属文。","LS-C43-P0009","OEBPS/text00003.html","filepos0000799163","9","236","0","13","ae59d3364722c0b66a76ed4f5b5e688a33770ca0cf856d848b640cd48de67bee","【二十四史】08：梁书 (姚思廉) (z-library.sk, 1lib.sk, z-lib.sk).epub","",""
"LIANG-EPUB-0048-E03","任次","LIANG-EPUB-0048","本轮新增","王褒","南平内史","father_identity","梁书","41","列传第三十五","王规，字威明，琅邪临沂人。","LS-C43-P0004","OEBPS/text00003.html","filepos0000799163","4","231","0","13","ae59d3364722c0b66a76ed4f5b5e688a33770ca0cf856d848b640cd48de67bee","【二十四史】08：梁书 (姚思廉) (z-library.sk, 1lib.sk, z-lib.sk).epub","",""
"LIANG-EPUB-0049-E01","任次","LIANG-EPUB-0049","本轮新增","褚球","南兰陵太守","官职与纪年","梁书","41","列传第三十五","普通四年，出为北中郎长史、南兰陵太守；入为通直散骑常侍，领羽林监。","LS-C43-P0040","OEBPS/text00003.html","filepos0000799163","40","267","115","148","ae59d3364722c0b66a76ed4f5b5e688a33770ca0cf856d848b640cd48de67bee","【二十四史】08：梁书 (姚思廉) (z-library.sk, 1lib.sk, z-lib.sk).epub","",""
"LIANG-EPUB-0049-E02","任次","LIANG-EPUB-0049","本轮新增","褚球","南兰陵太守","人物身份","梁书","41","列传第三十五","褚球，字仲宝，河南阳翟人。","LS-C43-P0039","OEBPS/text00003.html","filepos0000799163","39","266","0","13","ae59d3364722c0b66a76ed4f5b5e688a33770ca0cf856d848b640cd48de67bee","【二十四史】08：梁书 (姚思廉) (z-library.sk, 1lib.sk, z-lib.sk).epub","",""
"LIANG-EPUB-0050-E01","任次","LIANG-EPUB-0050","本轮新增","刘孺","江夏太守","官职与纪年","梁书","41","列传第三十五","中大通四年，出为仁威临川王长史、江夏太守，加贞威将军。","LS-C43-P0044","OEBPS/text00003.html","filepos0000799163","44","271","141","168","ae59d3364722c0b66a76ed4f5b5e688a33770ca0cf856d848b640cd48de67bee","【二十四史】08：梁书 (姚思廉) (z-library.sk, 1lib.sk, z-lib.sk).epub","",""
"LIANG-EPUB-0050-E02","任次","LIANG-EPUB-0050","本轮新增","刘孺","江夏太守","人物身份","梁书","41","列传第三十五","刘孺，字孝稚，彭城安上里人也。","LS-C43-P0041","OEBPS/text00003.html","filepos0000799163","41","268","0","15","ae59d3364722c0b66a76ed4f5b5e688a33770ca0cf856d848b640cd48de67bee","【二十四史】08：梁书 (姚思廉) (z-library.sk, 1lib.sk, z-lib.sk).epub","",""
"LIANG-EPUB-0051-E01","任次","LIANG-EPUB-0051","本轮新增","刘孺","晋陵太守","官职与纪年","梁书","41","列传第三十五","大同五年，守吏部尚书。其年，出为明威将军、晋陵太守。在郡和理，为吏民所称。七年，入为侍中，领右军。","LS-C43-P0044","OEBPS/text00003.html","filepos0000799163","44","271","199","248","ae59d3364722c0b66a76ed4f5b5e688a33770ca0cf856d848b640cd48de67bee","【二十四史】08：梁书 (姚思廉) (z-library.sk, 1lib.sk, z-lib.sk).epub","",""
"LIANG-EPUB-0051-E02","任次","LIANG-EPUB-0051","本轮新增","刘孺","晋陵太守","人物身份","梁书","41","列传第三十五","刘孺，字孝稚，彭城安上里人也。","LS-C43-P0041","OEBPS/text00003.html","filepos0000799163","41","268","0","15","ae59d3364722c0b66a76ed4f5b5e688a33770ca0cf856d848b640cd48de67bee","【二十四史】08：梁书 (姚思廉) (z-library.sk, 1lib.sk, z-lib.sk).epub","",""
"LIANG-EPUB-0052-E01","任次","LIANG-EPUB-0052","本轮新增","刘潜","临海太守","官职与纪年","梁书","41","列传第三十五","十年，出为伏波将军、临海太守。是时政网疏阔，百姓多不遵禁。孝仪下车，宣示条制，励精绥抚，境内翕然，风俗大革。中大同元年，入守都官尚书。","LS-C43-P0054","OEBPS/text00003.html","filepos0000799163","54","281","27","94","ae59d3364722c0b66a76ed4f5b5e688a33770ca0cf856d848b640cd48de67bee","【二十四史】08：梁书 (姚思廉) (z-library.sk, 1lib.sk, z-lib.sk).epub","",""
"LIANG-EPUB-0052-E02","任次","LIANG-EPUB-0052","本轮新增","刘潜","临海太守","人物身份","梁书","41","列传第三十五","刘潜，字孝仪，秘书监孝绰弟也。","LS-C43-P0051","OEBPS/text00003.html","filepos0000799163","51","278","0","15","ae59d3364722c0b66a76ed4f5b5e688a33770ca0cf856d848b640cd48de67bee","【二十四史】08：梁书 (姚思廉) (z-library.sk, 1lib.sk, z-lib.sk).epub","",""
"LIANG-EPUB-0052-E03","任次","LIANG-EPUB-0052","本轮新增","刘潜","临海太守","年号上下文","梁书","41","列传第三十五","大同三年，迁中书郎，以公事左迁安西谘议参军，兼散骑常侍。","LS-C43-P0052","OEBPS/text00003.html","filepos0000799163","52","279","44","72","ae59d3364722c0b66a76ed4f5b5e688a33770ca0cf856d848b640cd48de67bee","【二十四史】08：梁书 (姚思廉) (z-library.sk, 1lib.sk, z-lib.sk).epub","",""
"LIANG-EPUB-0053-E01","任次","LIANG-EPUB-0053","本轮新增","刘潜","豫章内史","官职与纪年","梁书","41","列传第三十五","太清元年，出为明威将军、豫章内史。二年，侯景寇京邑，孝仪遣子励帅郡兵三千人，随前衡州刺史韦粲入援。三年，宫城不守，孝仪为前历阳太守庄铁所逼，失郡。","LS-C43-P0054","OEBPS/text00003.html","filepos0000799163","54","281","94","167","ae59d3364722c0b66a76ed4f5b5e688a33770ca0cf856d848b640cd48de67bee","【二十四史】08：梁书 (姚思廉) (z-library.sk, 1lib.sk, z-lib.sk).epub","",""
"LIANG-EPUB-0053-E02","任次","LIANG-EPUB-0053","本轮新增","刘潜","豫章内史","人物身份","梁书","41","列传第三十五","刘潜，字孝仪，秘书监孝绰弟也。","LS-C43-P0051","OEBPS/text00003.html","filepos0000799163","51","278","0","15","ae59d3364722c0b66a76ed4f5b5e688a33770ca0cf856d848b640cd48de67bee","【二十四史】08：梁书 (姚思廉) (z-library.sk, 1lib.sk, z-lib.sk).epub","",""
"LIANG-EPUB-0054-E01","任次","LIANG-EPUB-0054","本轮新增","张嵊","吴兴太守","官职与纪年","梁书","43","列传第三十七","中大同元年，征为太府卿，俄迁吴兴太守。","LS-C45-P0017","OEBPS/text00003.html","filepos0000832303","17","328","126","145","ae59d3364722c0b66a76ed4f5b5e688a33770ca0cf856d848b640cd48de67bee","【二十四史】08：梁书 (姚思廉) (z-library.sk, 1lib.sk, z-lib.sk).epub","",""
"LIANG-EPUB-0054-E02","任次","LIANG-EPUB-0054","本轮新增","张嵊","吴兴太守","人物身份","梁书","43","列传第三十七","张嵊，字四山，镇北将军稷之子也。","LS-C45-P0017","OEBPS/text00003.html","filepos0000832303","17","328","0","16","ae59d3364722c0b66a76ed4f5b5e688a33770ca0cf856d848b640cd48de67bee","【二十四史】08：梁书 (姚思廉) (z-library.sk, 1lib.sk, z-lib.sk).epub","",""
"LIANG-EPUB-0054-E03","任次","LIANG-EPUB-0054","本轮新增","张嵊","吴兴太守","annual_service","梁书","43","列传第三十七","太清二年，侯景围京城，嵊遣弟伊率郡兵数千人赴援。三年，宫城陷，御史中丞沈浚违难东归。","LS-C45-P0018","OEBPS/text00003.html","filepos0000832303","18","329","0","42","ae59d3364722c0b66a76ed4f5b5e688a33770ca0cf856d848b640cd48de67bee","【二十四史】08：梁书 (姚思廉) (z-library.sk, 1lib.sk, z-lib.sk).epub","",""
"LIANG-EPUB-0054-E04","任次","LIANG-EPUB-0054","本轮新增","张嵊","吴兴太守","death_context","梁书","43","列传第三十七","乃执嵊以送景，景刑之于都市，子弟同遇害者十余人，时年六十二。","LS-C45-P0018","OEBPS/text00003.html","filepos0000832303","18","329","355","385","ae59d3364722c0b66a76ed4f5b5e688a33770ca0cf856d848b640cd48de67bee","【二十四史】08：梁书 (姚思廉) (z-library.sk, 1lib.sk, z-lib.sk).epub","",""
"LIANG-EPUB-0055-E01","任次","LIANG-EPUB-0055","本轮新增","胡僧祐","南天水太守","官职与纪年","梁书","46","列传第四十","中大通元年，陈庆之送魏北海王元颢入洛阳，僧祐又得还国，除南天水、天门二郡太守，有善政。","LS-C48-P0003","OEBPS/text00003.html","filepos0000880160","3","401","77","120","ae59d3364722c0b66a76ed4f5b5e688a33770ca0cf856d848b640cd48de67bee","【二十四史】08：梁书 (姚思廉) (z-library.sk, 1lib.sk, z-lib.sk).epub","",""
"LIANG-EPUB-0055-E02","任次","LIANG-EPUB-0055","本轮新增","胡僧祐","南天水太守","人物身份","梁书","46","列传第四十","胡僧祐，字愿果，南阳冠军人。","LS-C48-P0003","OEBPS/text00003.html","filepos0000880160","3","401","0","14","ae59d3364722c0b66a76ed4f5b5e688a33770ca0cf856d848b640cd48de67bee","【二十四史】08：梁书 (姚思廉) (z-library.sk, 1lib.sk, z-lib.sk).epub","",""
"LIANG-EPUB-0056-E01","任次","LIANG-EPUB-0056","本轮新增","胡僧祐","天门太守","官职与纪年","梁书","46","列传第四十","中大通元年，陈庆之送魏北海王元颢入洛阳，僧祐又得还国，除南天水、天门二郡太守，有善政。","LS-C48-P0003","OEBPS/text00003.html","filepos0000880160","3","401","77","120","ae59d3364722c0b66a76ed4f5b5e688a33770ca0cf856d848b640cd48de67bee","【二十四史】08：梁书 (姚思廉) (z-library.sk, 1lib.sk, z-lib.sk).epub","",""
"LIANG-EPUB-0056-E02","任次","LIANG-EPUB-0056","本轮新增","胡僧祐","天门太守","人物身份","梁书","46","列传第四十","胡僧祐，字愿果，南阳冠军人。","LS-C48-P0003","OEBPS/text00003.html","filepos0000880160","3","401","0","14","ae59d3364722c0b66a76ed4f5b5e688a33770ca0cf856d848b640cd48de67bee","【二十四史】08：梁书 (姚思廉) (z-library.sk, 1lib.sk, z-lib.sk).epub","",""
"LIANG-EPUB-0057-E01","任次","LIANG-EPUB-0057","本轮新增","萧正德","吴郡太守","官职与纪年","梁书","55","列传第四十九","中大通四年，为信武将军、吴郡太守。","LS-C57-P0023","OEBPS/text00004.html","filepos0001139842","23","541","0","17","ae59d3364722c0b66a76ed4f5b5e688a33770ca0cf856d848b640cd48de67bee","【二十四史】08：梁书 (姚思廉) (z-library.sk, 1lib.sk, z-lib.sk).epub","",""
"LIANG-EPUB-0057-E02","任次","LIANG-EPUB-0057","本轮新增","萧正德","吴郡太守","人物身份","梁书","55","列传第四十九","临贺王正德，字公和，临川靖惠王第三子也。","LS-C57-P0022","OEBPS/text00004.html","filepos0001139842","22","540","0","20","ae59d3364722c0b66a76ed4f5b5e688a33770ca0cf856d848b640cd48de67bee","【二十四史】08：梁书 (姚思廉) (z-library.sk, 1lib.sk, z-lib.sk).epub","",""
"LIANG-EPUB-0058-E01","任次","LIANG-EPUB-0058","本轮新增","周炅","弋阳太守","官职与纪年","陈书","13","列传第七","太清元年，出为弋阳太守。","CS-C14-P0024","OEBPS/text00001.html","filepos0000253404","24","61","82","94","46124feb6a153a6365fecaf1741ce0fd231d441348d8f7120e1c1d405df83303","【二十四史】09：陈书 (姚思廉) (z-library.sk, 1lib.sk, z-lib.sk).epub","",""
"LIANG-EPUB-0058-E02","任次","LIANG-EPUB-0058","本轮新增","周炅","弋阳太守","人物身份","陈书","13","列传第七","周炅，字文昭，汝南安城人也。","CS-C14-P0024","OEBPS/text00001.html","filepos0000253404","24","61","0","14","46124feb6a153a6365fecaf1741ce0fd231d441348d8f7120e1c1d405df83303","【二十四史】09：陈书 (姚思廉) (z-library.sk, 1lib.sk, z-lib.sk).epub","",""
"LIANG-EPUB-0059-E01","任次","LIANG-EPUB-0059","本轮新增","明绍世","历阳太守","官职与纪年","梁书","28","列传第二十二","六年，大举北伐。先遣豫州刺史裴邃帅谯州刺史湛僧智、历阳太守明绍世、南谯太守鱼弘、晋熙太守张澄，并世之骁将，自南道伐寿阳城，","LS-C30-P0025","OEBPS/text00002.html","filepos0000564022","25","260","0","61","ae59d3364722c0b66a76ed4f5b5e688a33770ca0cf856d848b640cd48de67bee","【二十四史】08：梁书 (姚思廉) (z-library.sk, 1lib.sk, z-lib.sk).epub","",""
"LIANG-EPUB-0059-E02","任次","LIANG-EPUB-0059","本轮新增","明绍世","历阳太守","年号上下文","梁书","28","列传第二十二","普通三年，入为散骑常侍，领右骁骑将军，转太府卿，常侍如故。以公事免，未几，优诏复职。五年，迁中护军。","LS-C30-P0024","OEBPS/text00002.html","filepos0000564022","24","259","84","134","ae59d3364722c0b66a76ed4f5b5e688a33770ca0cf856d848b640cd48de67bee","【二十四史】08：梁书 (姚思廉) (z-library.sk, 1lib.sk, z-lib.sk).epub","",""
"LIANG-EPUB-0060-E01","任次","LIANG-EPUB-0060","本轮新增","鱼弘","南谯太守","官职与纪年","梁书","28","列传第二十二","六年，大举北伐。先遣豫州刺史裴邃帅谯州刺史湛僧智、历阳太守明绍世、南谯太守鱼弘、晋熙太守张澄，并世之骁将，自南道伐寿阳城，","LS-C30-P0025","OEBPS/text00002.html","filepos0000564022","25","260","0","61","ae59d3364722c0b66a76ed4f5b5e688a33770ca0cf856d848b640cd48de67bee","【二十四史】08：梁书 (姚思廉) (z-library.sk, 1lib.sk, z-lib.sk).epub","",""
"LIANG-EPUB-0060-E02","任次","LIANG-EPUB-0060","本轮新增","鱼弘","南谯太守","年号上下文","梁书","28","列传第二十二","普通三年，入为散骑常侍，领右骁骑将军，转太府卿，常侍如故。以公事免，未几，优诏复职。五年，迁中护军。","LS-C30-P0024","OEBPS/text00002.html","filepos0000564022","24","259","84","134","ae59d3364722c0b66a76ed4f5b5e688a33770ca0cf856d848b640cd48de67bee","【二十四史】08：梁书 (姚思廉) (z-library.sk, 1lib.sk, z-lib.sk).epub","",""
"LIANG-EPUB-0061-E01","任次","LIANG-EPUB-0061","本轮新增","张澄","晋熙太守","官职与纪年","梁书","28","列传第二十二","六年，大举北伐。先遣豫州刺史裴邃帅谯州刺史湛僧智、历阳太守明绍世、南谯太守鱼弘、晋熙太守张澄，并世之骁将，自南道伐寿阳城，","LS-C30-P0025","OEBPS/text00002.html","filepos0000564022","25","260","0","61","ae59d3364722c0b66a76ed4f5b5e688a33770ca0cf856d848b640cd48de67bee","【二十四史】08：梁书 (姚思廉) (z-library.sk, 1lib.sk, z-lib.sk).epub","",""
"LIANG-EPUB-0061-E02","任次","LIANG-EPUB-0061","本轮新增","张澄","晋熙太守","年号上下文","梁书","28","列传第二十二","普通三年，入为散骑常侍，领右骁骑将军，转太府卿，常侍如故。以公事免，未几，优诏复职。五年，迁中护军。","LS-C30-P0024","OEBPS/text00002.html","filepos0000564022","24","259","84","134","ae59d3364722c0b66a76ed4f5b5e688a33770ca0cf856d848b640cd48de67bee","【二十四史】08：梁书 (姚思廉) (z-library.sk, 1lib.sk, z-lib.sk).epub","",""
"LIANG-EXCLUDED-001-E01","排除或待考","LIANG-EXCLUDED-001","原有","程灵洗","吴兴太守","官职与纪年","陈书","10","列传第四","迁吴兴太守，未行，僧辩命灵洗从侯瑱西援荆州。","CS-C11-P0014","OEBPS/text00000.html","filepos0000215629","14","380","18","40","46124feb6a153a6365fecaf1741ce0fd231d441348d8f7120e1c1d405df83303","【二十四史】09：陈书 (姚思廉) (z-library.sk, 1lib.sk, z-lib.sk).epub","",""
"LIANG-EXCLUDED-002-E01","排除或待考","LIANG-EXCLUDED-002","原有","沈恪","永嘉太守","官职与纪年","陈书","12","列传第六","其年迁永嘉太守。不拜，复令监吴兴郡。","CS-C13-P0031","OEBPS/text00001.html","","31","31","59","77","46124feb6a153a6365fecaf1741ce0fd231d441348d8f7120e1c1d405df83303","【二十四史】09：陈书 (姚思廉) (z-library.sk, 1lib.sk, z-lib.sk).epub","",""
"LIANG-EXCLUDED-003-E01","排除或待考","LIANG-EXCLUDED-003","原有","张齐","新兴、永宁二郡太守","官职与纪年","梁书","17","列传第十一","普通四年，迁信武将军、征西鄱阳王司马、新兴、永宁二郡太守。未发而卒，","LS-C19-P0026","OEBPS/text00001.html","filepos0000376781","26","345","28","62","ae59d3364722c0b66a76ed4f5b5e688a33770ca0cf856d848b640cd48de67bee","【二十四史】08：梁书 (姚思廉) (z-library.sk, 1lib.sk, z-lib.sk).epub","",""
"LIANG-EXCLUDED-004-E01","排除或待考","LIANG-EXCLUDED-004","原有","乐法才","南康内史","官职与纪年","梁书","19","列传第十三","寻除南康内史，耻以让俸受名，辞不拜。","LS-C21-P0023","OEBPS/text00001.html","filepos0000405796","23","407","216","234","ae59d3364722c0b66a76ed4f5b5e688a33770ca0cf856d848b640cd48de67bee","【二十四史】08：梁书 (姚思廉) (z-library.sk, 1lib.sk, z-lib.sk).epub","",""
"LIANG-EXCLUDED-005-E01","排除或待考","LIANG-EXCLUDED-005","原有","祖皓","江都令","官职与纪年","梁书","56","列传第五十","前江都令祖皓起兵于广陵，","LS-C58-P0082","OEBPS/text00005.html","","82","82","40","52","ae59d3364722c0b66a76ed4f5b5e688a33770ca0cf856d848b640cd48de67bee","【二十四史】08：梁书 (姚思廉) (z-library.sk, 1lib.sk, z-lib.sk).epub","",""
"LIANG-EXCLUDED-006-E01","排除或待考","LIANG-EXCLUDED-006","原有","孙谦","钱唐令","官职与纪年","梁书","53","列传第四十七","齐初，为宁朔将军、钱唐令，治烦以简，狱无系囚。","LS-C55-P0028","OEBPS/text00004.html","filepos0001056665","28","367","0","23","ae59d3364722c0b66a76ed4f5b5e688a33770ca0cf856d848b640cd48de67bee","【二十四史】08：梁书 (姚思廉) (z-library.sk, 1lib.sk, z-lib.sk).epub","",""
"LIANG-EXCLUDED-007-E01","排除或待考","LIANG-EXCLUDED-007","原有","任昉","秘书监","官职与纪年","梁书","14","列传第八","寻转御史中丞，秘书监，领前军将军。","LS-C16-P0025","OEBPS/text00001.html","filepos0000335380","25","248","128","145","ae59d3364722c0b66a76ed4f5b5e688a33770ca0cf856d848b640cd48de67bee","【二十四史】08：梁书 (姚思廉) (z-library.sk, 1lib.sk, z-lib.sk).epub","",""
"LIANG-EXCLUDED-008-E01","排除或待考","LIANG-EXCLUDED-008","原有","庾荜","会稽郡丞","官职与纪年","梁书","53","列传第四十七","出为辅国长史、会稽郡丞、行郡府事。","LS-C55-P0006","OEBPS/text00004.html","filepos0001056665","6","345","130","147","ae59d3364722c0b66a76ed4f5b5e688a33770ca0cf856d848b640cd48de67bee","【二十四史】08：梁书 (姚思廉) (z-library.sk, 1lib.sk, z-lib.sk).epub","",""
"LIANG-EXCLUDED-009-E01","排除或待考","LIANG-EXCLUDED-009","本轮新增","王筠","永嘉太守","官职与纪年","梁书","33","列传第二十七","中大同元年，出为明威将军、永嘉太守，以疾固辞，徙为光禄大夫，","LS-C35-P0057","OEBPS/text00002.html","filepos0000640495","57","451","79","109","ae59d3364722c0b66a76ed4f5b5e688a33770ca0cf856d848b640cd48de67bee","【二十四史】08：梁书 (姚思廉) (z-library.sk, 1lib.sk, z-lib.sk).epub","",""
"LIANG-EXCLUDED-010-E01","排除或待考","LIANG-EXCLUDED-010","本轮新增","褚球","江夏太守","官职与纪年","梁书","41","列传第三十五","中大同中，出为仁威临川王长史、江夏太守，以疾不赴职。","LS-C43-P0040","OEBPS/text00003.html","filepos0000799163","40","267","165","191","ae59d3364722c0b66a76ed4f5b5e688a33770ca0cf856d848b640cd48de67bee","【二十四史】08：梁书 (姚思廉) (z-library.sk, 1lib.sk, z-lib.sk).epub","",""