"任次编号","批次","姓名","郡县","官职","见载年份","任职证据","复核结论","复核意见","纪年原文","年度依据","任官原文","引文编号","起年下界","起年上界","止年下界","止年上界","完整官衔","层级","任职性质","年度口径","间隔年处理","研究备注","来源摘要","人物编号","别名","整理状态"
"LIANG-EPUB-0001","原有","任昉","义兴","义兴太守","503","授官并有履任叙事","","","天监二年","天监元年为502，二年即503。原文连书出任及在任事迹，仅投503；被代之年未载。","天监二年，出为义兴太守。在任清洁，儿妾食麦而已。","LIANG-EPUB-0001-E01；LIANG-EPUB-0001-E02","503","503","","","义兴太守","郡级正任","正任","本年见载该职；不表示年末现任，不外推完整任期","不补中间年","","《梁书》卷14·列传第八；LS-C16-P0025；OEBPS/text00001.html 第248段
《梁书》卷14·列传第八；LS-C16-P0019；OEBPS/text00001.html 第242段","LIANG-EPUB-PERSON-任昉","","reviewed_independent_second_pass"
"LIANG-EPUB-0002","原有","任昉","新安","新安太守","507","授官并有履任叙事","","","天监六年春","上段以天监二年起叙，本段六年承天监，换算507。视事期岁是时长叙述，本轮不据此硬定卒年。","六年春，出为宁朔将军、新安太守。在郡不事边幅，率然曳杖，徒行邑郭，民通辞讼者，就路决焉。","LIANG-EPUB-0002-E01；LIANG-EPUB-0002-E02","507","507","","","宁朔将军、新安太守","郡级正任","正任","本年见载该职；不表示年末现任，不外推完整任期","不补中间年","","《梁书》卷14·列传第八；LS-C16-P0026；OEBPS/text00001.html 第249段
《梁书》卷14·列传第八；LS-C16-P0025；OEBPS/text00001.html 第248段","LIANG-EPUB-PERSON-任昉","","reviewed_independent_second_pass"
"LIANG-EPUB-0003","原有","冯道根","南梁","南梁太守","503","授官并有履任叙事","","","天监二年","明确天监二年任命且初到阜陵见履任。南梁是郡名，不能误配为南梁州。","天监二年，为宁朔将军、南梁太守，领阜陵城戍。初到阜陵，修城隍，远斥候，","LIANG-EPUB-0003-E01；LIANG-EPUB-0003-E02","503","503","","","宁朔将军、南梁太守，领阜陵城戍","郡级正任","正任","本年见载该职；不表示年末现任，不外推完整任期","不补中间年","","《梁书》卷18·列传第十二；LS-C20-P0013；OEBPS/text00001.html 第359段
《梁书》卷18·列传第十二；LS-C20-P0010；OEBPS/text00001.html 第356段","LIANG-EPUB-PERSON-冯道根","","reviewed_independent_second_pass"
"LIANG-EPUB-0004","原有","张齐","历阳","历阳太守","502","在任见载","","","高祖受禅之年（天监元年）","高祖受禅对应502；同句仍为太守，后句明言在郡清政。安昌县侯是封爵，不是安昌县令。","明年，高祖受禅，封齐安昌县侯，邑五百户，仍为宁朔将军、历阳太守。齐手不知书，目不识字，而在郡有清政，吏事甚修。","LIANG-EPUB-0004-E01；LIANG-EPUB-0004-E02","","","","","宁朔将军、历阳太守","郡级正任","正任","本年见载该职；不表示年末现任，不外推完整任期","不补中间年","","《梁书》卷17·列传第十一；LS-C19-P0020；OEBPS/text00001.html 第339段
《梁书》卷17·列传第十一；LS-C19-P0019；OEBPS/text00001.html 第338段","LIANG-EPUB-PERSON-张齐","","reviewed_independent_second_pass"
"LIANG-EPUB-0005","原有","张齐","天门","天门太守","503","授官见载，履任未详","","","天监二年","天监二年即503。未拜修饰前一官虎贲中郎将，随后改授天门太守；不可把未拜范围延伸到后一官。具体抵郡日未载。","天监二年，还为虎贲中郎将。未拜，迁天门太守，宁朔将军如故。","LIANG-EPUB-0005-E01","503","503","","","宁朔将军、天门太守","郡级正任","正任","本年见载该职；不表示年末现任，不外推完整任期","不补中间年","本条直接证据是明确纪年的改授，履任未有单独到郡语；按传记正常除授语义列本年见载，严格抵任日期仍未知。；独立复核：本条证明授官或迁官及纪年，尚无直接到郡、视事或在郡行政语证明履任；仍仅作为本年任命见载，不标为已经实任。","《梁书》卷17·列传第十一；LS-C19-P0021；OEBPS/text00001.html 第340段","LIANG-EPUB-PERSON-张齐","","reviewed_independent_second_pass"
"LIANG-EPUB-0006","原有","张齐","巴西","巴西太守","508","授官并有履任叙事","","","天监七年秋后，其年","同段以天监二年开头，七年即508，其年明确回指七年。只投508，不把后加将军号视为太守终任。","七年秋，使齐置大剑、寒冢二戍，军还益州。其年，迁武旅将军、巴西太守，寻加征远将军。","LIANG-EPUB-0006-E01；LIANG-EPUB-0006-E02；LIANG-EPUB-0006-E03","508","508","","","武旅将军、巴西太守","郡级正任","正任","本年见载该职；不表示年末现任，不外推完整任期","不补中间年","","《梁书》卷17·列传第十一；LS-C19-P0021；OEBPS/text00001.html 第340段
《梁书》卷17·列传第十一；LS-C19-P0022；OEBPS/text00001.html 第341段","LIANG-EPUB-PERSON-张齐","","reviewed_independent_second_pass"
"LIANG-EPUB-0007","原有","柳忱","南郡","南郡太守","503","授官见载，履任未详","","","天监二年","天监二年=503；本段主语为柳惔之弟柳忱，非柳惔。六年改官提供终点边界，不额外外推504—506。","天监二年，出为安西长史、冠军将军、南郡太守。六年，征为员外散骑常侍、太子右卫率。","LIANG-EPUB-0007-E01；LIANG-EPUB-0007-E02","503","503","507","507","安西长史、冠军将军、南郡太守","郡级正任","正任","本年见载该职；不表示年末现任，不外推完整任期","不补中间年","独立复核：本条证明授官或迁官及纪年，尚无直接到郡、视事或在郡行政语证明履任；仍仅作为本年任命见载，不标为已经实任。","《梁书》卷12·列传第六；LS-C14-P0011；OEBPS/text00001.html 第142段
《梁书》卷12·列传第六；LS-C14-P0007；OEBPS/text00001.html 第138段","LIANG-EPUB-PERSON-柳忱","","reviewed_independent_second_pass"
"LIANG-EPUB-0008","原有","孙谦","零陵","零陵太守","507","授官并有履任叙事","","","天监六年","天监六年=507，明言任命与为政。九年征为光禄大夫是后官边界，不在中间各年自动填任。","天监六年，出为辅国将军、零陵太守，已衰老，犹强力为政，吏民安之。","LIANG-EPUB-0008-E01；LIANG-EPUB-0008-E02；LIANG-EPUB-0008-E03","507","507","510","510","辅国将军、零陵太守","郡级正任","正任","本年见载该职；不表示年末现任，不外推完整任期","不补中间年","","《梁书》卷53·列传第四十七；LS-C55-P0029；OEBPS/text00004.html 第368段
《梁书》卷53·列传第四十七；LS-C55-P0026；OEBPS/text00004.html 第365段","LIANG-EPUB-PERSON-孙谦","","reviewed_independent_second_pass"
"LIANG-EPUB-0009","原有","柳恽","吴兴","吴兴太守","505","在任见载","","","天监四年","天监四年=505，叙沈顗服役事件，以现官称柳恽。后面的其年卒于家指沈顗，不是柳恽。","天监四年，大举北伐，订民丁。吴兴太守柳恽以顗从役，扬州别驾陆任以书责之，","LIANG-EPUB-0009-E01","","","","","吴兴太守","郡级正任","正任","本年见载该职；不表示年末现任，不外推完整任期","不补中间年","不能把同段沈顗卒年当作柳恽离任或卒年。","《梁书》卷51·列传第四十五；LS-C53-P0066；OEBPS/text00004.html 第284段","LIANG-EPUB-PERSON-柳恽","","reviewed_independent_second_pass"
"LIANG-EPUB-0010","原有","丘迟","永嘉","永嘉太守","504","授官并有履任叙事","","","天监三年","天监三年=504，明言出任并在郡。次年北伐出为参军，并不能不加辨析地视作太守已去任的具体日。","天监三年，出为永嘉太守，在郡不称职，为有司所纠，高祖爱其才，寝其奏。","LIANG-EPUB-0010-E01；LIANG-EPUB-0010-E02","504","504","","","永嘉太守","郡级正任","正任","本年见载该职；不表示年末现任，不外推完整任期","不补中间年","","《梁书》卷49·列传第四十三；LS-C51-P0006；OEBPS/text00004.html 第93段","LIANG-EPUB-PERSON-丘迟","","reviewed_independent_second_pass"
"LIANG-EPUB-0011","原有","萧子显","吴兴","吴兴太守","537","授官并有履任叙事","","","大同三年","大同元年=535，三年=537，出任年明确。至郡未几证明实际到郡后不久去世，但未几本身不是独立纪年；本轮仅投537任命见载，撤除据邻近叙事硬定的537卒年，待有直接纪年补证。","大同三年，出为仁威将军、吴兴太守，至郡未几，卒，时年四十九。","LIANG-EPUB-0011-E01；LIANG-EPUB-0011-E02","537","537","","","仁威将军、吴兴太守","郡级正任","正任","本年见载该职；不表示年末现任，不外推完整任期","不补中间年","独立复核：未几、寻等时长词不保证未跨年；不因与537出任同句就设置精确终年。","《梁书》卷35·列传第二十九；LS-C37-P0018；OEBPS/text00003.html 第18段
《梁书》卷35·列传第二十九；LS-C37-P0015；OEBPS/text00003.html 第15段","LIANG-EPUB-PERSON-萧子显","","reviewed_independent_second_pass"
"LIANG-EPUB-0012","原有","何敬容","吴郡","吴郡太守","523","授官并有履任叙事","","","普通四年","本段先记普通二年，继书四年，故为普通四年523。视事四年与后文大通二年征官之间须再考，本轮只投任命锚523。","四年，出为招远将军、吴郡太守，为政勤恤民隐，辨讼如神，视事四年，治为天下第一。","LIANG-EPUB-0012-E01；LIANG-EPUB-0012-E02；LIANG-EPUB-0012-E03","523","523","","","招远将军、吴郡太守","郡级正任","正任","本年见载该职；不表示年末现任，不外推完整任期","不补中间年","视事四年与528后官之间的时段不可机械填满。","《梁书》卷37·列传第三十一；LS-C39-P0009；OEBPS/text00003.html 第74段","LIANG-EPUB-PERSON-何敬容","","reviewed_independent_second_pass"
"LIANG-EPUB-0013","原有","周弘直","衡阳","衡阳内史","550","在任见载","","","大宝元年／元帝方面太清四年二月","段首明标大宝元年并注明世祖犹称太清四年，二者均指550。本年以现任内史上表，不给定起止年。","二月甲戌，衡阳内史周弘直表言凤皇见郡界。","LIANG-EPUB-0013-E01；LIANG-EPUB-0013-E02","","","","","衡阳内史","郡级正任","正任","本年见载该职；不表示年末现任，不外推完整任期","不补中间年","","《梁书》卷5·本纪第五；LS-C07-P0005；OEBPS/text00000.html 第335段","LIANG-EPUB-PERSON-周弘直","","reviewed_independent_second_pass"
"LIANG-EPUB-0014","原有","裴之横","吴兴","吴兴太守","555","在任见载","","","承圣四年三月","本段四年二月承上文承圣，故三月为承圣四年555。以现任太守出战并死亡；不推定其起任年。","三月，齐遣其上党王高涣送贞阳侯萧渊明来主梁嗣，至东关，遣吴兴太守裴之横与战，败绩，之横死。","LIANG-EPUB-0014-E01；LIANG-EPUB-0014-E02；LIANG-EPUB-0014-E03","","","555","555","吴兴太守","郡级正任","正任","本年见载该职；不表示年末现任，不外推完整任期","不补中间年","","《梁书》卷6·本纪第六；LS-C08-P0004；OEBPS/text00000.html 第376段","LIANG-EPUB-PERSON-裴之横","","reviewed_independent_second_pass"
"LIANG-EPUB-0015","原有","韦载","义兴","义兴太守","555","在任见载","","","绍泰元年十月","段首绍泰元年冬十月=555。本年据义兴郡见载太守。后文韦载降仅是政治归附，不能自动记作离任。","震州刺史杜龛举兵，攻信武将军陈蒨于长城，义兴太守韦载据郡以应之。","LIANG-EPUB-0015-E01；LIANG-EPUB-0015-E02","","","","","义兴太守","郡级正任","正任","本年见载该职；不表示年末现任，不外推完整任期","不补中间年","","《梁书》卷6·本纪第六；LS-C08-P0005；OEBPS/text00000.html 第377段","LIANG-EPUB-PERSON-韦载","","reviewed_independent_second_pass"
"LIANG-EPUB-0016","原有","周文育","晋陵","晋陵太守","555","在任见载","","","绍泰元年十月","见《敬帝纪》绍泰元年十月记事，555。军事行动中以现任晋陵太守称之，不推任期。","遣晋陵太守周文育率军援长城。","LIANG-EPUB-0016-E01；LIANG-EPUB-0016-E02","","","","","晋陵太守","郡级正任","正任","本年见载该职；不表示年末现任，不外推完整任期","不补中间年","","《梁书》卷6·本纪第六；LS-C08-P0005；OEBPS/text00000.html 第377段","LIANG-EPUB-PERSON-周文育","","reviewed_independent_second_pass"
"LIANG-EPUB-0017","原有","王筠","广晋","广晋令","535","在任见载","","","大同元年","大同元年=535。鲜于琛叛乱杀县令，直接证明王筠本年在任且遇害。该县令不得与仍活跃于梁末的文学家王筠按姓名自动合并。","大同元年，遂结其门徒，杀广晋令王筠，号上愿元年，署置官属。","LIANG-EPUB-0017-E01","","","535","535","广晋令","县级正任","正任","本年见载该职；不表示年末现任，不外推完整任期","不补中间年","同名异人风险：此人535遇害；人物ID专指广晋令，未建立与文士王筠的同人关系。","《梁书》卷27·列传第二十一；LS-C29-P0034；OEBPS/text00002.html 第232段","LIANG-EPUB-PERSON-广晋令王筠","","reviewed_independent_second_pass"
"LIANG-EPUB-0018","原有","刘潜","阳羡","阳羡令","535","在任见载","","","大同元年","刘遵大同元年535卒，太子同次吊慰信的收件人称阳羡令孝仪；同卷刘潜传明言字孝仪并记出为阳羡令，故此官人归刘潜。卒官指刘遵，不是刘潜。","大同元年，卒官。皇太子深悼惜之，与遵从兄阳羡令孝仪令曰：","LIANG-EPUB-0018-E01；LIANG-EPUB-0018-E02；LIANG-EPUB-0018-E03","","","","","阳羡令","县级正任","正任","本年见载该职；不表示年末现任，不外推完整任期","不补中间年","不可把前一主语刘遵之卒转嫁给信件收件人。此处也不能把阳羡令和后来建康令投同一完整任期。","《梁书》卷41·列传第三十五；LS-C43-P0047；OEBPS/text00003.html 第274段
《梁书》卷41·列传第三十五；LS-C43-P0051；OEBPS/text00003.html 第278段
《梁书》卷41·列传第三十五；LS-C43-P0052；OEBPS/text00003.html 第279段","LIANG-EPUB-PERSON-刘潜","刘孝仪","reviewed_independent_second_pass"
"LIANG-EPUB-0019","原有","岑之敬","南沙","南沙令","547","授官并有履任叙事","","","太清元年","太清元年=547，明确请试吏并授南沙令；下段侯景乱中率所部赴援，支持曾实际带部任事，但不推548—549连续在任。","太清元年，表请试吏，除南沙令。","LIANG-EPUB-0019-E01；LIANG-EPUB-0019-E02；LIANG-EPUB-0019-E03","547","547","","","南沙令","县级正任","正任","本年见载该职；不表示年末现任，不外推完整任期","不补中间年","","《陈书》卷34·列传第二十八；CS-C35-P0036；OEBPS/text00002.html 第340段
《陈书》卷34·列传第二十八；CS-C35-P0037；OEBPS/text00002.html 第341段","LIANG-EPUB-PERSON-岑之敬","","reviewed_independent_second_pass"
"LIANG-EPUB-0020","原有","陈拟","义兴","义兴太守","555","授官见载，履任未详","","","绍泰元年","绍泰元年=555、二年=556。授太守而次年入知卫尉，列555任命见载。同年韦载亦见于该郡，两条并存代表年内先后候选，不是年末两守。","绍泰元年，授贞威将军、义兴太守。二年，入知卫尉事，","LIANG-EPUB-0020-E01；LIANG-EPUB-0020-E02","555","555","556","556","贞威将军、义兴太守","郡级正任","正任","本年见载该职；不表示年末现任，不外推完整任期","不补中间年","555同郡韦载与陈拟的先后虽有事件线索，尚未在本轮建立确定前后任边；任命日至抵任日未详。；独立复核：本条证明授官或迁官及纪年，尚无直接到郡、视事或在郡行政语证明履任；仍仅作为本年任命见载，不标为已经实任。","《陈书》卷15·列传第九；CS-C16-P0004；OEBPS/text00001.html 第103段
《陈书》卷15·列传第九；CS-C16-P0003；OEBPS/text00001.html 第102段","LIANG-EPUB-PERSON-陈拟","","reviewed_independent_second_pass"
"LIANG-EPUB-0021","原有","程灵洗","兰陵","兰陵太守","555","授官并有履任叙事","","","绍泰元年","绍泰元年=555，授兰陵太守并助防京口。原文仅称兰陵，具体南北冠字须经独立地理配准，不擅改为南兰陵。","绍泰元年，授使持节、信武将军、兰陵太守，常侍如故，助防京口。","LIANG-EPUB-0021-E01","555","555","","","使持节、信武将军、兰陵太守","郡级正任","正任","本年见载该职；不表示年末现任，不外推完整任期","不补中间年","同段此前吴兴太守明确未行，那一次必须排除；其后南丹阳太守未在本句明书年，另待核。","《陈书》卷10·列传第四；CS-C11-P0014；OEBPS/text00000.html 第380段","LIANG-EPUB-PERSON-程灵洗","","reviewed_independent_second_pass"
"LIANG-EPUB-0022","原有","周迪","临川","临川内史","556","授官并有履任叙事","","","绍泰二年","绍泰二年=556。临川内史有明确初授年，寻授衡州刺史及领内史的日期不再另猜；本轮仅作同一内史任次的本年证据。","绍泰二年，除临川内史。寻授使持节、散骑常侍、信威将军、衡州刺史，领临川内史。","LIANG-EPUB-0022-E01；LIANG-EPUB-0022-E02","556","556","","","临川内史","郡级正任","正任","本年见载该职；不表示年末现任，不外推完整任期","不补中间年","","《陈书》卷35·列传第二十九；CS-C36-P0010；OEBPS/text00002.html 第393段
《陈书》卷35·列传第二十九；CS-C36-P0009；OEBPS/text00002.html 第392段","LIANG-EPUB-PERSON-周迪","","reviewed_independent_second_pass"
"LIANG-EPUB-0023","原有","留异","东阳","东阳太守","556","在任见载","","","绍泰二年","绍泰二年=556；此时带东阳太守，并叙其实际拥郡。更早侯景署官、王僧辩重授需分辨任次，556不是其初到东阳年。","绍泰二年，以应接之功，除持节、通直散骑常侍、信武将军、缙州刺史，领东阳太守，封永兴县侯，邑五百户。","LIANG-EPUB-0023-E01；LIANG-EPUB-0023-E02；LIANG-EPUB-0023-E03","","","","","持节、通直散骑常侍、信武将军、缙州刺史，领东阳太守","郡级正任","领","本年见载该职；不表示年末现任，不外推完整任期","不补中间年","永兴县侯属于封爵；不生成永兴县令。侯景署与梁朝复授的同一地点任次不得不经研究直接合并。","《陈书》卷35·列传第二十九；CS-C36-P0019；OEBPS/text00002.html 第402段
《陈书》卷35·列传第二十九；CS-C36-P0017；OEBPS/text00002.html 第400段","LIANG-EPUB-PERSON-留异","","reviewed_independent_second_pass"
"LIANG-EPUB-0024","原有","陈宝应","晋安","晋安太守","555","授官并有履任叙事","","","绍泰元年","绍泰元年=555，父陈羽请传郡并经允许，宝应受太守。随后陈朝受禅的会稽太守记载不混入梁任次。","高祖辅政，羽请归老，求传郡于宝应，高祖许之。绍泰元年，授壮武将军、晋安太守，","LIANG-EPUB-0024-E01；LIANG-EPUB-0024-E02","555","555","","","壮武将军、晋安太守","郡级正任","正任","本年见载该职；不表示年末现任，不外推完整任期","不补中间年","","《陈书》卷35·列传第二十九；CS-C36-P0027；OEBPS/text00002.html 第410段
《陈书》卷35·列传第二十九；CS-C36-P0024；OEBPS/text00002.html 第407段","LIANG-EPUB-PERSON-陈宝应","","reviewed_independent_second_pass"
"LIANG-EPUB-0025","原有","袁枢","吴兴","吴兴太守","556","授官见载，履任未详","","","绍泰二年","绍泰二年=556，其年回指二年。此处未拜只修饰前年给事黄门侍郎，不修饰后出的吴兴太守。","绍泰元年，征为给事黄门侍郎。未拜，除员外散骑常侍，兼侍中。二年，兼吏部尚书。其年出为吴兴太守。","LIANG-EPUB-0025-E01；LIANG-EPUB-0025-E02","556","556","","","吴兴太守","郡级正任","正任","本年见载该职；不表示年末现任，不外推完整任期","不补中间年","独立复核：本条证明授官或迁官及纪年，尚无直接到郡、视事或在郡行政语证明履任；仍仅作为本年任命见载，不标为已经实任。","《陈书》卷17·列传第十一；CS-C18-P0023；OEBPS/text00001.html 第167段","LIANG-EPUB-PERSON-袁枢","","reviewed_independent_second_pass"
"LIANG-EPUB-0026","原有","谢征","南兰陵","南兰陵太守","534；536","授官并有履任叙事","","","中大通六年；大同二年","本段中大通元年起叙，六年为534；大同二年为536。分别有任命锚和卒官锚，本轮不据此自动填535。","六年，出为北中郎豫章王长史、南兰陵太守。大同二年，卒官，时年三十七。","LIANG-EPUB-0026-E01；LIANG-EPUB-0026-E02；LIANG-EPUB-0026-E03","534","534","536","536","北中郎豫章王长史、南兰陵太守","郡级正任","正任","本年见载该职；不表示年末现任，不外推完整任期","不补中间年","","《梁书》卷50·列传第四十四；LS-C52-P0056；OEBPS/text00004.html 第187段
《梁书》卷50·列传第四十四；LS-C52-P0052；OEBPS/text00004.html 第183段","LIANG-EPUB-PERSON-谢征","","reviewed_independent_second_pass"
"LIANG-EPUB-0027","原有","沈瑀","寻阳","寻阳太守","509","在任见载","","","天监八年","太守如故后紧接天监八年509与萧颖达争执并被杀，构成该年在任与死亡锚。出任寻阳的初始年未在本段明确。","景宗卒，仍为信威萧颖达长史，太守如故。瑀性屈强，每忤颖达，颖达衔之。天监八年，","LIANG-EPUB-0027-E01；LIANG-EPUB-0027-E02；LIANG-EPUB-0027-E03；LIANG-EPUB-0027-E04","","","509","509","寻阳太守","郡级正任","正任","本年见载该职；不表示年末现任，不外推完整任期","不补中间年","","《梁书》卷53·列传第四十七；LS-C55-P0016；OEBPS/text00004.html 第355段
《梁书》卷53·列传第四十七；LS-C55-P0008；OEBPS/text00004.html 第347段","LIANG-EPUB-PERSON-沈瑀","","reviewed_independent_second_pass"
"LIANG-EPUB-0028","原有","王志","南郡","南郡太守","507","授官见载，履任未详","","","天监六年","本段天监元年起叙，六年=507。次句明年迁江夏太守明确给出508年转授边界，已补入对应引文；507为任命见载，抵郡与离郡日未详，不外推完整任期。","六年，出为云麾将军、安西始兴王长史、南郡太守。","LIANG-EPUB-0028-E01；LIANG-EPUB-0028-E02；LIANG-EPUB-0028-E03；LIANG-EPUB-0028-E04","507","507","508","508","云麾将军、安西始兴王长史、南郡太守","郡级正任","正任","本年见载该职；不表示年末现任，不外推完整任期","不补中间年","独立复核：本条证明授官或迁官及纪年，尚无直接到郡、视事或在郡行政语证明履任；仍仅作为本年任命见载，不标为已经实任。","《梁书》卷21·列传第十五；LS-C23-P0012；OEBPS/text00001.html 第453段
《梁书》卷21·列传第十五；LS-C23-P0009；OEBPS/text00001.html 第450段","LIANG-EPUB-PERSON-王志","","reviewed_independent_second_pass"
"LIANG-EPUB-0029","原有","王志","江夏","江夏太守","508","授官见载，履任未详","","","天监六年之明年","明年直接承接天监六年，故为天监七年508；该明年是明确相对纪年，不是寻、顷之等模糊时词。","六年，出为云麾将军、安西始兴王长史、南郡太守。明年，迁军师将军、平西鄱阳郡王长史、江夏太守，并加秩中二千石。","LIANG-EPUB-0029-E01；LIANG-EPUB-0029-E02","508","508","","","军师将军、平西鄱阳郡王长史、江夏太守","郡级正任","正任","本年见载该职；不表示年末现任，不外推完整任期","不补中间年","独立复核：本条证明授官或迁官及纪年，尚无直接到郡、视事或在郡行政语证明履任；仍仅作为本年任命见载，不标为已经实任。","《梁书》卷21·列传第十五；LS-C23-P0012；OEBPS/text00001.html 第453段","LIANG-EPUB-PERSON-王志","","reviewed_independent_second_pass"
"LIANG-EPUB-0030","本轮新增","王骞","东阳","东阳太守","505","授官见载，履任未详","","","天监四年","天监四年为505。只取明确授东阳之年；“寻徙吴郡”不另定为505。","天监四年，出为东阳太守，寻徙吴郡。","LIANG-EPUB-0030-E01；LIANG-EPUB-0030-E02；LIANG-EPUB-0030-E03","505","505","","","东阳太守","郡级正任","正任","本年见载该职；授官与在任证据分别注明，不表示年末现任，不补中间年","不补中间年","","《梁书》卷7·列传第一；LS-C09-P0019；OEBPS/text00000.html 第415段
《梁书》卷7·列传第一；LS-C09-P0018；OEBPS/text00000.html 第414段
《梁书》卷7·列传第一；LS-C09-P0015；OEBPS/text00000.html 第411段","LIANG-EPUB-PERSON-王骞","王騫；王玄成","reviewed_context_continuation_2026_09_27"
"LIANG-EPUB-0031","本轮新增","宗夬","东海","东海太守","502","授官见载，履任未详","","","天监元年","元年为502，二年503为改官边界；只投授官锚502。原文东海不擅改为南东海。","天监元年，迁征虏长史、东海太守，将军如故。二年，征为太子右卫率。","LIANG-EPUB-0031-E01；LIANG-EPUB-0031-E02","502","502","503","503","征虏长史、东海太守","郡级正任","正任","本年见载该职；授官与在任证据分别注明，不表示年末现任，不补中间年","不补中间年","","《梁书》卷19·列传第十三；LS-C21-P0005；OEBPS/text00001.html 第389段
《梁书》卷19·列传第十三；LS-C21-P0003；OEBPS/text00001.html 第387段","LIANG-EPUB-PERSON-宗夬","","reviewed_context_continuation_2026_09_27"
"LIANG-EPUB-0032","本轮新增","朱僧勇","宣城","宣城太守","510","在任见载","","","天监九年","九年为510；遇害事件直接以宣城太守称之，证明本年在任及终任，不推定起任年。","天监九年，宣城郡吏吴承伯挟祅道聚众攻宣城，杀太守硃僧勇。","LIANG-EPUB-0032-E01","","","510","510","宣城太守","郡级正任","正任","本年见载该职；授官与在任证据分别注明，不表示年末现任，不补中间年","不补中间年","","《梁书》卷21·列传第十五；LS-C23-P0080；OEBPS/text00001.html 第521段","LIANG-EPUB-PERSON-朱僧勇","硃僧勇","reviewed_context_continuation_2026_09_27"
"LIANG-EPUB-0033","本轮新增","蔡撙","吴兴","吴兴太守","510","在任见载","","","天监九年","510年守吴兴事件，与上段吴兴太守官衔合读；本条仅投在任事件锚。","天监九年，宣城郡吏吴承伯挟祅道聚众攻宣城，杀太守硃僧勇。因转屠旁县，逾山寇吴兴，所过皆残破，众有二万，奄袭郡城。东道不习兵革，吏民恇扰奔散，并请撙避之。撙坚守不动，募勇敢固郡。","LIANG-EPUB-0033-E01；LIANG-EPUB-0033-E02；LIANG-EPUB-0033-E03","","","","","吴兴太守","郡级正任","正任","本年见载该职；授官与在任证据分别注明，不表示年末现任，不补中间年","不补中间年","","《梁书》卷21·列传第十五；LS-C23-P0080；OEBPS/text00001.html 第521段
《梁书》卷21·列传第十五；LS-C23-P0078；OEBPS/text00001.html 第519段
《梁书》卷21·列传第十五；LS-C23-P0079；OEBPS/text00001.html 第520段","LIANG-EPUB-PERSON-蔡撙","","reviewed_context_continuation_2026_09_27"
"LIANG-EPUB-0034","本轮新增","蔡撙","吴郡","吴郡太守","521","授官见载，履任未详","","","普通二年","普通元年为520，二年521。后文四年卒未明书卒郡，不以卒年扩大本任期。","普通二年，出为宣毅将军、吴郡太守。","LIANG-EPUB-0034-E01；LIANG-EPUB-0034-E02","521","521","","","宣毅将军、吴郡太守","郡级正任","正任","本年见载该职；授官与在任证据分别注明，不表示年末现任，不补中间年","不补中间年","","《梁书》卷21·列传第十五；LS-C23-P0080；OEBPS/text00001.html 第521段
《梁书》卷21·列传第十五；LS-C23-P0078；OEBPS/text00001.html 第519段","LIANG-EPUB-PERSON-蔡撙","","reviewed_context_continuation_2026_09_27"
"LIANG-EPUB-0035","本轮新增","白涡","武陵","武陵太守","524","在任见载","","","普通五年","普通五年524，文书事件直接称武陵太守；不能把本段周舍免官或卒年归给白涡。","普通五年，南津获武陵太守白涡书，许遗舍面钱百万，津司以闻。","LIANG-EPUB-0035-E01","","","","","武陵太守","郡级正任","正任","本年见载该职；授官与在任证据分别注明，不表示年末现任，不补中间年","不补中间年","","《梁书》卷25·列传第十九；LS-C27-P0009；OEBPS/text00002.html 第118段","LIANG-EPUB-PERSON-白涡","白渦","reviewed_context_continuation_2026_09_27"
"LIANG-EPUB-0036","本轮新增","萧琛","宣城","宣城太守","502","授官并有履任叙事","","","天监元年","元年502同句授官；次段在宣城取书叙事证明曾到任，但不到日不详。","天监元年，迁庶子，出为宣城太守。","LIANG-EPUB-0036-E01；LIANG-EPUB-0036-E02；LIANG-EPUB-0036-E03","502","502","","","宣城太守","郡级正任","正任","本年见载该职；授官与在任证据分别注明，不表示年末现任，不补中间年","不补中间年","","《梁书》卷26·列传第二十；LS-C28-P0026；OEBPS/text00002.html 第180段
《梁书》卷26·列传第二十；LS-C28-P0021；OEBPS/text00002.html 第175段
《梁书》卷26·列传第二十；LS-C28-P0027；OEBPS/text00002.html 第181段","LIANG-EPUB-PERSON-萧琛","","reviewed_context_continuation_2026_09_27"
"LIANG-EPUB-0037","本轮新增","萧琛","江夏","江夏太守","510","授官见载，履任未详","","","天监九年","同段起于天监元年，九年承天监为510；只证本年授江夏。","三年，除太子中庶子、散骑常侍。九年，出为宁远将军、平西长史、江夏太守。","LIANG-EPUB-0037-E01；LIANG-EPUB-0037-E02；LIANG-EPUB-0037-E03","510","510","","","宁远将军、平西长史、江夏太守","郡级正任","正任","本年见载该职；授官与在任证据分别注明，不表示年末现任，不补中间年","不补中间年","","《梁书》卷26·列传第二十；LS-C28-P0026；OEBPS/text00002.html 第180段
《梁书》卷26·列传第二十；LS-C28-P0021；OEBPS/text00002.html 第175段","LIANG-EPUB-PERSON-萧琛","","reviewed_context_continuation_2026_09_27"
"LIANG-EPUB-0038","本轮新增","萧琛","晋陵","晋陵太守","529","授官见载，履任未详","","","中大通元年","中大通元年529授官；以疾自解没有独立抵郡语，不作已证履任。随后卒年也不硬定为529。","中大通元年，为云麾将军、晋陵太守，秩中二千石。以疾自解，改授侍中、特进、金紫光禄大夫。","LIANG-EPUB-0038-E01；LIANG-EPUB-0038-E02","529","529","","","云麾将军、晋陵太守","郡级正任","正任","本年见载该职；授官与在任证据分别注明，不表示年末现任，不补中间年","不补中间年","","《梁书》卷26·列传第二十；LS-C28-P0033；OEBPS/text00002.html 第187段
《梁书》卷26·列传第二十；LS-C28-P0021；OEBPS/text00002.html 第175段","LIANG-EPUB-PERSON-萧琛","","reviewed_context_continuation_2026_09_27"
"LIANG-EPUB-0039","本轮新增","陆杲","义兴","义兴太守","509","授官并有履任叙事","","","天监八年","本传先列天监元年、五年，续列六年八年，八年即509；有在郡政绩，抵郡日期不详。","八年，出为义兴太守，在郡宽惠，为民下所称。","LIANG-EPUB-0039-E01；LIANG-EPUB-0039-E02；LIANG-EPUB-0039-E03","509","509","","","义兴太守","郡级正任","正任","本年见载该职；授官与在任证据分别注明，不表示年末现任，不补中间年","不补中间年","","《梁书》卷26·列传第二十；LS-C28-P0040；OEBPS/text00002.html 第194段
《梁书》卷26·列传第二十；LS-C28-P0034；OEBPS/text00002.html 第188段
《梁书》卷26·列传第二十；LS-C28-P0036；OEBPS/text00002.html 第190段","LIANG-EPUB-PERSON-陆杲","","reviewed_context_continuation_2026_09_27"
"LIANG-EPUB-0040","本轮新增","陆杲","临川","临川内史","521","授官见载，履任未详","","","普通二年","普通二年521授官，五年524改官；不投522、523。","普通二年，出为仁威将军、临川内史。五年，入为金紫光禄大夫，又领扬州大中正。","LIANG-EPUB-0040-E01；LIANG-EPUB-0040-E02","521","521","524","524","仁威将军、临川内史","郡级正任","正任","本年见载该职；授官与在任证据分别注明，不表示年末现任，不补中间年","不补中间年","","《梁书》卷26·列传第二十；LS-C28-P0040；OEBPS/text00002.html 第194段
《梁书》卷26·列传第二十；LS-C28-P0034；OEBPS/text00002.html 第188段","LIANG-EPUB-PERSON-陆杲","","reviewed_context_continuation_2026_09_27"
"LIANG-EPUB-0041","本轮新增","夏侯亶","宣城","宣城太守","502","授官见载，履任未详","","","天监元年","元年502明确授官；“寻入”不够定终任年月。","天监元年，出为宣城太守。寻入为散骑常侍，领右骁骑将军。","LIANG-EPUB-0041-E01；LIANG-EPUB-0041-E02","502","502","","","宣城太守","郡级正任","正任","本年见载该职；授官与在任证据分别注明，不表示年末现任，不补中间年","不补中间年","","《梁书》卷28·列传第二十二；LS-C30-P0023；OEBPS/text00002.html 第258段","LIANG-EPUB-PERSON-夏侯亶","","reviewed_context_continuation_2026_09_27"
"LIANG-EPUB-0042","本轮新增","夏侯亶","南郡","南郡太守","507","授官见载，履任未详","","","天监六年","六年承本段天监为507；父忧解职未单独纪年，不确定终任年或抵郡日。","六年，出为平西始兴王长史、南郡太守，父忧解职。","LIANG-EPUB-0042-E01；LIANG-EPUB-0042-E02；LIANG-EPUB-0042-E03","507","507","","","平西始兴王长史、南郡太守","郡级正任","正任","本年见载该职；授官与在任证据分别注明，不表示年末现任，不补中间年","不补中间年","","《梁书》卷28·列传第二十二；LS-C30-P0023；OEBPS/text00002.html 第258段","LIANG-EPUB-PERSON-夏侯亶","","reviewed_context_continuation_2026_09_27"
"LIANG-EPUB-0043","本轮新增","夏侯亶","安陆","安陆太守","509","授官见载，履任未详","","","天监八年","八年承天监为509；兼领安陆。居州叙事不能单独证明到安陆郡履太守职，保留授官见载。","八年，起为持节、督司州诸军事、信武将军、司州刺史，领安陆太守。服阕，袭封豊城县公。居州甚有威惠，为边人所悦服。","LIANG-EPUB-0043-E01；LIANG-EPUB-0043-E02；LIANG-EPUB-0043-E03","509","509","","","持节、督司州诸军事、信武将军、司州刺史，领安陆太守","郡级正任","兼领","本年见载该职；授官与在任证据分别注明，不表示年末现任，不补中间年","不补中间年","","《梁书》卷28·列传第二十二；LS-C30-P0023；OEBPS/text00002.html 第258段","LIANG-EPUB-PERSON-夏侯亶","","reviewed_context_continuation_2026_09_27"
"LIANG-EPUB-0044","本轮新增","夏侯亶","江夏","江夏太守","516","授官见载，履任未详","","","天监十五年","上段连续天监纪年，十五年516授江夏、十七年518改官；不补517。","十五年，出为信武将军、安西长史、江夏太守。十七年，入为通直散骑常侍、太子右卫率，","LIANG-EPUB-0044-E01；LIANG-EPUB-0044-E02；LIANG-EPUB-0044-E03","516","516","518","518","信武将军、安西长史、江夏太守","郡级正任","正任","本年见载该职；授官与在任证据分别注明，不表示年末现任，不补中间年","不补中间年","","《梁书》卷28·列传第二十二；LS-C30-P0024；OEBPS/text00002.html 第259段
《梁书》卷28·列传第二十二；LS-C30-P0023；OEBPS/text00002.html 第258段","LIANG-EPUB-PERSON-夏侯亶","","reviewed_context_continuation_2026_09_27"
"LIANG-EPUB-0045","本轮新增","韦放","盱眙","盱眙太守","502","授官见载，履任未详","","","天监元年","元年502为盱眙授官锚；后文“还除”不提供独立终任年。","天监元年，为盱眙太守，还除通直郎，","LIANG-EPUB-0045-E01；LIANG-EPUB-0045-E02","502","502","","","盱眙太守","郡级正任","正任","本年见载该职；授官与在任证据分别注明，不表示年末现任，不补中间年","不补中间年","","《梁书》卷28·列传第二十二；LS-C30-P0037；OEBPS/text00002.html 第272段","LIANG-EPUB-PERSON-韦放","","reviewed_context_continuation_2026_09_27"
"LIANG-EPUB-0046","本轮新增","徐摛","新安","新安太守","531","授官并有履任叙事","","","中大通三年","中大通三年531授官并有至郡语；不以“期月”推定后续完整年度任期。","中大通三年，遂出为新安太守。至郡，为治清静，教民礼义，劝课农桑，期月之中，风俗便改。","LIANG-EPUB-0046-E01；LIANG-EPUB-0046-E02","531","531","","","新安太守","郡级正任","正任","本年见载该职；授官与在任证据分别注明，不表示年末现任，不补中间年","不补中间年","","《梁书》卷30·列传第二十四；LS-C32-P0023；OEBPS/text00002.html 第340段
《梁书》卷30·列传第二十四；LS-C32-P0022；OEBPS/text00002.html 第339段","LIANG-EPUB-PERSON-徐摛","","reviewed_context_continuation_2026_09_27"
"LIANG-EPUB-0047","本轮新增","萧子恪","吴郡","吴郡太守","528；529","授官并有履任叙事","","","大通二年授官、三年卒郡","大通二年528授官；三年529卒于郡舍，是另一明确在任锚。同年另有中大通改元，不把“三年”读作中大通三年531。","大通二年，出为宁远将军、吴郡太守。三年，卒于郡舍，时年五十二。","LIANG-EPUB-0047-E01；LIANG-EPUB-0047-E02","528","528","529","529","宁远将军、吴郡太守","郡级正任","正任","本年见载该职；授官与在任证据分别注明，不表示年末现任，不补中间年","不补中间年","","《梁书》卷35·列传第二十九；LS-C37-P0007；OEBPS/text00003.html 第7段
《梁书》卷35·列传第二十九；LS-C37-P0003；OEBPS/text00003.html 第3段","LIANG-EPUB-PERSON-萧子恪","","reviewed_context_continuation_2026_09_27"
"LIANG-EPUB-0048","本轮新增","王褒","南平","南平内史","551","授官见载，履任未详","","","大宝二年","大宝二年551。既至指到江陵，不能当作已到南平履任；保留任命见载。","大宝二年，世祖命征褒赴江陵，既至，以为忠武将军、南平内史，俄迁吏部尚书、侍中。","LIANG-EPUB-0048-E01；LIANG-EPUB-0048-E02；LIANG-EPUB-0048-E03","551","551","","","忠武将军、南平内史","郡级正任","正任","本年见载该职；授官与在任证据分别注明，不表示年末现任，不补中间年","不补中间年","","《梁书》卷41·列传第三十五；LS-C43-P0009；OEBPS/text00003.html 第236段
《梁书》卷41·列传第三十五；LS-C43-P0004；OEBPS/text00003.html 第231段","LIANG-EPUB-PERSON-王褒","","reviewed_context_continuation_2026_09_27"
"LIANG-EPUB-0049","本轮新增","褚球","南兰陵","南兰陵太守","523","授官见载，履任未详","","","普通四年","普通四年523授官，未另载到任或终任日期；不与本传后来未具年的再次南兰陵任职合并。","普通四年，出为北中郎长史、南兰陵太守；入为通直散骑常侍，领羽林监。","LIANG-EPUB-0049-E01；LIANG-EPUB-0049-E02","523","523","","","北中郎长史、南兰陵太守","郡级正任","正任","本年见载该职；授官与在任证据分别注明，不表示年末现任，不补中间年","不补中间年","","《梁书》卷41·列传第三十五；LS-C43-P0040；OEBPS/text00003.html 第267段
《梁书》卷41·列传第三十五；LS-C43-P0039；OEBPS/text00003.html 第266段","LIANG-EPUB-PERSON-褚球","","reviewed_context_continuation_2026_09_27"
"LIANG-EPUB-0050","本轮新增","刘孺","江夏","江夏太守","532","授官见载，履任未详","","","中大通四年","中大通四年532明确授官；次年司徒左长史“未拜”修饰后一官，不否定江夏任命。","中大通四年，出为仁威临川王长史、江夏太守，加贞威将军。","LIANG-EPUB-0050-E01；LIANG-EPUB-0050-E02","532","532","","","仁威临川王长史、江夏太守，加贞威将军","郡级正任","正任","本年见载该职；授官与在任证据分别注明，不表示年末现任，不补中间年","不补中间年","","《梁书》卷41·列传第三十五；LS-C43-P0044；OEBPS/text00003.html 第271段
《梁书》卷41·列传第三十五；LS-C43-P0041；OEBPS/text00003.html 第268段","LIANG-EPUB-PERSON-刘孺","","reviewed_context_continuation_2026_09_27"
"LIANG-EPUB-0051","本轮新增","刘孺","晋陵","晋陵太守","539","授官并有履任叙事","","","大同五年","大同五年539授官并有在郡事迹；七年541改官边界，不补540。","大同五年，守吏部尚书。其年，出为明威将军、晋陵太守。在郡和理，为吏民所称。七年，入为侍中，领右军。","LIANG-EPUB-0051-E01；LIANG-EPUB-0051-E02","539","539","541","541","明威将军、晋陵太守","郡级正任","正任","本年见载该职；授官与在任证据分别注明，不表示年末现任，不补中间年","不补中间年","","《梁书》卷41·列传第三十五；LS-C43-P0044；OEBPS/text00003.html 第271段
《梁书》卷41·列传第三十五；LS-C43-P0041；OEBPS/text00003.html 第268段","LIANG-EPUB-PERSON-刘孺","","reviewed_context_continuation_2026_09_27"
"LIANG-EPUB-0052","本轮新增","刘潜","临海","临海太守","544","授官并有履任叙事","","","大同十年","前段大同三年续至十年，换算544；有下车治理。中大同元年546改官，仅作边界，不补545。","十年，出为伏波将军、临海太守。是时政网疏阔，百姓多不遵禁。孝仪下车，宣示条制，励精绥抚，境内翕然，风俗大革。中大同元年，入守都官尚书。","LIANG-EPUB-0052-E01；LIANG-EPUB-0052-E02；LIANG-EPUB-0052-E03","544","544","546","546","伏波将军、临海太守","郡级正任","正任","本年见载该职；授官与在任证据分别注明，不表示年末现任，不补中间年","不补中间年","","《梁书》卷41·列传第三十五；LS-C43-P0054；OEBPS/text00003.html 第281段
《梁书》卷41·列传第三十五；LS-C43-P0051；OEBPS/text00003.html 第278段
《梁书》卷41·列传第三十五；LS-C43-P0052；OEBPS/text00003.html 第279段","LIANG-EPUB-PERSON-刘潜","刘孝仪；劉潛；劉孝儀","reviewed_context_continuation_2026_09_27"
"LIANG-EPUB-0053","本轮新增","刘潜","豫章","豫章内史","547；548；549","授官并有履任叙事","","","太清元年授官、二年遣兵、三年失郡","547授官、548遣郡兵、549失郡均有逐年语句，三锚不是在起止之间插值；庄铁为前历阳太守，不投其549历阳在任。","太清元年，出为明威将军、豫章内史。二年，侯景寇京邑，孝仪遣子励帅郡兵三千人，随前衡州刺史韦粲入援。三年，宫城不守，孝仪为前历阳太守庄铁所逼，失郡。","LIANG-EPUB-0053-E01；LIANG-EPUB-0053-E02","547","547","549","549","明威将军、豫章内史","郡级正任","正任","本年见载该职；授官与在任证据分别注明，不表示年末现任，不补中间年","不补中间年","","《梁书》卷41·列传第三十五；LS-C43-P0054；OEBPS/text00003.html 第281段
《梁书》卷41·列传第三十五；LS-C43-P0051；OEBPS/text00003.html 第278段","LIANG-EPUB-PERSON-刘潜","刘孝仪；劉潛；劉孝儀","reviewed_context_continuation_2026_09_27"
"LIANG-EPUB-0054","本轮新增","张嵊","吴兴","吴兴太守","548；549","在任见载","","","中大同元年后授官、太清二三年在任","中大同元年546明确系于太府卿，随后“俄迁吴兴”不硬定同年；548率郡兵赴援、549守郡被俘分别有纪年，只投二锚，不补546、547。549被害由本段连续三年叙事定位。","中大同元年，征为太府卿，俄迁吴兴太守。","LIANG-EPUB-0054-E01；LIANG-EPUB-0054-E02；LIANG-EPUB-0054-E03；LIANG-EPUB-0054-E04","","","549","549","吴兴太守","郡级正任","正任","本年见载该职；授官与在任证据分别注明，不表示年末现任，不补中间年","不补中间年","","《梁书》卷43·列传第三十七；LS-C45-P0017；OEBPS/text00003.html 第328段
《梁书》卷43·列传第三十七；LS-C45-P0018；OEBPS/text00003.html 第329段","LIANG-EPUB-PERSON-张嵊","","reviewed_context_continuation_2026_09_27"
"LIANG-EPUB-0055","本轮新增","胡僧祐","南天水","南天水太守","529","授官并有履任叙事","","","中大通元年","中大通元年529，二郡并授，分别保存郡官记录并共用原句；有善政语，不由此倒推抵郡日。","中大通元年，陈庆之送魏北海王元颢入洛阳，僧祐又得还国，除南天水、天门二郡太守，有善政。","LIANG-EPUB-0055-E01；LIANG-EPUB-0055-E02","529","529","","","南天水、天门二郡太守","郡级正任","二郡并领","本年见载该职；授官与在任证据分别注明，不表示年末现任，不补中间年","不补中间年","","《梁书》卷46·列传第四十；LS-C48-P0003；OEBPS/text00003.html 第401段","LIANG-EPUB-PERSON-胡僧祐","胡僧佑","reviewed_context_continuation_2026_09_27"
"LIANG-EPUB-0056","本轮新增","胡僧祐","天门","天门太守","529","授官并有履任叙事","","","中大通元年","中大通元年529，二郡并授，分别保存郡官记录并共用原句；有善政语，不由此倒推抵郡日。","中大通元年，陈庆之送魏北海王元颢入洛阳，僧祐又得还国，除南天水、天门二郡太守，有善政。","LIANG-EPUB-0056-E01；LIANG-EPUB-0056-E02","529","529","","","南天水、天门二郡太守","郡级正任","二郡并领","本年见载该职；授官与在任证据分别注明，不表示年末现任，不补中间年","不补中间年","","《梁书》卷46·列传第四十；LS-C48-P0003；OEBPS/text00003.html 第401段","LIANG-EPUB-PERSON-胡僧祐","胡僧佑","reviewed_context_continuation_2026_09_27"
"LIANG-EPUB-0057","本轮新增","萧正德","吴郡","吴郡太守","532","授官见载，履任未详","","","中大通四年","中大通四年532明确授官；后文封临贺王不强定与授太守同年。","中大通四年，为信武将军、吴郡太守。","LIANG-EPUB-0057-E01；LIANG-EPUB-0057-E02","532","532","","","信武将军、吴郡太守","郡级正任","正任","本年见载该职；授官与在任证据分别注明，不表示年末现任，不补中间年","不补中间年","","《梁书》卷55·列传第四十九；LS-C57-P0023；OEBPS/text00004.html 第541段
《梁书》卷55·列传第四十九；LS-C57-P0022；OEBPS/text00004.html 第540段","LIANG-EPUB-PERSON-萧正德","","reviewed_context_continuation_2026_09_27"
"LIANG-EPUB-0058","本轮新增","周炅","弋阳","弋阳太守","547","授官见载，履任未详","","","太清元年","太清元年547授弋阳；后文侯景之乱改西阳没有确年，不一并投547。","太清元年，出为弋阳太守。","LIANG-EPUB-0058-E01；LIANG-EPUB-0058-E02","547","547","","","弋阳太守","郡级正任","正任","本年见载该职；授官与在任证据分别注明，不表示年末现任，不补中间年","不补中间年","","《陈书》卷13·列传第七；CS-C14-P0024；OEBPS/text00001.html 第61段","LIANG-EPUB-PERSON-周炅","","reviewed_context_continuation_2026_09_27"
"LIANG-EPUB-0059","本轮新增","明绍世","历阳","历阳太守","525","在任见载","","","普通六年","前段明确普通三年、五年，六年承普通为525。北伐时以现官称名，是在任锚，不据此确定初授年。","六年，大举北伐。先遣豫州刺史裴邃帅谯州刺史湛僧智、历阳太守明绍世、南谯太守鱼弘、晋熙太守张澄，并世之骁将，自南道伐寿阳城，","LIANG-EPUB-0059-E01；LIANG-EPUB-0059-E02","","","","","历阳太守","郡级正任","正任","本年见载该职；授官与在任证据分别注明，不表示年末现任，不补中间年","不补中间年","","《梁书》卷28·列传第二十二；LS-C30-P0025；OEBPS/text00002.html 第260段
《梁书》卷28·列传第二十二；LS-C30-P0024；OEBPS/text00002.html 第259段","LIANG-EPUB-PERSON-明绍世","","reviewed_context_continuation_2026_09_27"
"LIANG-EPUB-0060","本轮新增","鱼弘","南谯","南谯太守","525","在任见载","","","普通六年","前段明确普通三年、五年，六年承普通为525。北伐时以现官称名，是在任锚，不据此确定初授年。","六年，大举北伐。先遣豫州刺史裴邃帅谯州刺史湛僧智、历阳太守明绍世、南谯太守鱼弘、晋熙太守张澄，并世之骁将，自南道伐寿阳城，","LIANG-EPUB-0060-E01；LIANG-EPUB-0060-E02","","","","","南谯太守","郡级正任","正任","本年见载该职；授官与在任证据分别注明，不表示年末现任，不补中间年","不补中间年","","《梁书》卷28·列传第二十二；LS-C30-P0025；OEBPS/text00002.html 第260段
《梁书》卷28·列传第二十二；LS-C30-P0024；OEBPS/text00002.html 第259段","LIANG-EPUB-PERSON-鱼弘","","reviewed_context_continuation_2026_09_27"
"LIANG-EPUB-0061","本轮新增","张澄","晋熙","晋熙太守","525","在任见载","","","普通六年","前段明确普通三年、五年，六年承普通为525。北伐时以现官称名，是在任锚，不据此确定初授年。","六年，大举北伐。先遣豫州刺史裴邃帅谯州刺史湛僧智、历阳太守明绍世、南谯太守鱼弘、晋熙太守张澄，并世之骁将，自南道伐寿阳城，","LIANG-EPUB-0061-E01；LIANG-EPUB-0061-E02","","","","","晋熙太守","郡级正任","正任","本年见载该职；授官与在任证据分别注明，不表示年末现任，不补中间年","不补中间年","","《梁书》卷28·列传第二十二；LS-C30-P0025；OEBPS/text00002.html 第260段
《梁书》卷28·列传第二十二；LS-C30-P0024；OEBPS/text00002.html 第259段","LIANG-EPUB-PERSON-张澄","","reviewed_context_continuation_2026_09_27"