"排除记录编号","批次","姓名","原文官职","排除或待考原因","原因原码","复核结论","复核意见","原文","来源","引文编号","列入年度"
"LIANG-EXCLUDED-001","原有","程灵洗","吴兴太守","明确未行，不作吴兴在任。","not_served","","","迁吴兴太守，未行，僧辩命灵洗从侯瑱西援荆州。","《陈书》卷10 列传第四","LIANG-EXCLUDED-001-E01",""
"LIANG-EXCLUDED-002","原有","沈恪","永嘉太守","太平元年556授永嘉而不拜；监吴兴是另外的摄任证据，不得移植给永嘉。","not_served","","","其年迁永嘉太守。不拜，复令监吴兴郡。","《陈书》卷12 列传第六","LIANG-EXCLUDED-002-E01",""
"LIANG-EXCLUDED-003","原有","张齐","新兴、永宁二郡太守","普通四年523明确未发而卒，两郡均不投在任。","not_served","","","普通四年，迁信武将军、征西鄱阳王司马、新兴、永宁二郡太守。未发而卒，","《梁书》卷17 列传第十一","LIANG-EXCLUDED-003-E01",""
"LIANG-EXCLUDED-004","原有","乐法才","南康内史","辞不拜，且寻不提供确切起年。","not_served","","","寻除南康内史，耻以让俸受名，辞不拜。","《梁书》卷19 列传第十三","LIANG-EXCLUDED-004-E01",""
"LIANG-EXCLUDED-005","原有","祖皓","江都令","大宝元年550起兵时是前江都令，不能列550江都在任；只证离任不晚于此时。","former_only","","","前江都令祖皓起兵于广陵，","《梁书》卷56 列传第五十","LIANG-EXCLUDED-005-E01",""
"LIANG-EXCLUDED-006","原有","孙谦","钱唐令","原文明言齐初，不属萧梁。","outside_liang","","","齐初，为宁朔将军、钱唐令，治烦以简，狱无系囚。","《梁书》卷53 列传第四十七","LIANG-EXCLUDED-006-E01",""
"LIANG-EXCLUDED-007","原有","任昉","秘书监","中央官与军号，不是郡县正长官。","not_local_chief","","","寻转御史中丞，秘书监，领前军将军。","《梁书》卷14 列传第八","LIANG-EXCLUDED-007-E01",""
"LIANG-EXCLUDED-008","原有","庾荜","会稽郡丞","郡丞兼行郡府事应保留候选，以摄任另层研究，不能直接改称会稽太守发布。","deputy_acting_not_regular_chief","","","出为辅国长史、会稽郡丞、行郡府事。","《梁书》卷53 列传第四十七","LIANG-EXCLUDED-008-E01",""
"LIANG-EXCLUDED-009","本轮新增","王筠","永嘉太守","546授而以疾固辞；是文士王筠，不与535遇害的广晋令王筠合并。","not_served","","","中大同元年，出为明威将军、永嘉太守，以疾固辞，徙为光禄大夫，","《梁书》卷33 列传第二十七","LIANG-EXCLUDED-009-E01",""
"LIANG-EXCLUDED-010","本轮新增","褚球","江夏太守","中大同546明确不赴职，不投江夏在任；不影响523南兰陵授官。","not_served","","","中大同中，出为仁威临川王长史、江夏太守，以疾不赴职。","《梁书》卷41 列传第三十五","LIANG-EXCLUDED-010-E01",""